id	hash	time	median_time	size	stripped_size	weight	version	version_hex	version_bits	merkle_root	nonce	bits	difficulty	chainwork	coinbase_data_hex	transaction_count	witness_count	input_count	output_count	input_total	input_total_usd	output_total	output_total_usd	fee_total	fee_total_usd	fee_per_kb	fee_per_kb_usd	fee_per_kwu	fee_per_kwu_usd	cdd_total	generation	generation_usd	reward	reward_usd	guessed_miner
845982	00000000000000000001cee551a063665b79816d1fa7fe140b7b318896d962f8	2024-06-01 00:00:44	2024-05-31 23:17:26	1514249	826441	3993572	541065216	20400000	100000010000000000000000000000	c215ab8788fb2657be79ee402da27e9fb6fabe1f84d0535c2b7dc0cb8533c537	3248508286	386094576	84381461788831	00000000000000000000000000000000000000007c53cd0990ef291205ae41ea	039ee80c194d696e656420627920416e74506f6f6c206c014407addde52efabe6d6deba04fb2b13a2c8f31bfe188f2b5e0cf402797af90129ec39b812ce0c65951ab100000000000000010060000e047040000000000	4922	4804	7002	14553	259860528519	175387664	260173028519	175598576	38866911	26232.4434	25675.504	17.3295	9736.736	6.5718	14781.357583885	312500000	210915.625	351366911	237148.0625	AntPool
845983	000000000000000000027e3199ca0111e7093b68d2367fed2ef46a0520356055	2024-06-01 00:02:25	2024-05-31 23:31:45	1452961	848304	3997873	537665536	200c2000	100000000011000010000000000000	a9d4038e43c0befcf7be49a85bc41242c0e4e1f2b27ae2c11616f0a06e63a952	4280884804	386094576	84381461788831	00000000000000000000000000000000000000007c5419c874bc457e786ca900	039fe80c2cfabe6d6da4867fed38958bde76b46900934c28a1fc9307f6e173775649771a7c2cfc0e7e10000000f09f909f092f4632506f6f6c2f640000000000000000000000000000000000000000000000000000000000000000000000050023b28c3c	6772	6724	7621	14529	101777369713	68692600	102089869713	68903512	25818787	17425.873	17776.393	11.9976	6461.4536	4.3607	3052.8642170141	312500000	210915.625	338318787	228341.5	F2Pool
845984	00000000000000000002bc927c65267bd24b5af0fa794ab25481e0e180e0f57f	2024-06-01 00:09:57	2024-05-31 23:34:41	1464096	843109	3993423	740712448	2c266000	101100001001100110000000000000	e47418e96f3dfa0f06d0ff7f2ad05e76ad6a663b1a2e5c5f5bbd134f29865818	930973008	386094576	84381461788831	00000000000000000000000000000000000000007c546687588961eaeb2b1016	03a0e80c1b4d696e656420627920416e74506f6f6c3930366c00ff01b1228aa7fabe6d6dff18f4c26af105cb9c9165ad3f9600ff9240feaa7e1d6ab895eb388bd29af0d410000000000000000000b3eb2b00000000000000	6081	5982	7430	14181	698101688676	471169760	698414188676	471380704	30678448	20705.8047	20960.68	14.1472	7685.708	5.1875	14210.939669681	312500000	210915.625	343178448	231621.4375	AntPool
845985	0000000000000000000075f5b64eeff1586dfe873234617db5780547fbdb1c90	2024-06-01 00:14:52	2024-05-31 23:35:00	1432690	853646	3993628	843718656	324a2000	110010010010100010000000000000	9a2293e57ac26c236f9864130a3963b44b0218c73df638df90be6e1335e710dc	4090628652	386094576	84381461788831	00000000000000000000000000000000000000007c54b3463c567e575de9772c	03a1e80c194d696e656420627920416e74506f6f6c209300c800b2ebf463fabe6d6d235ad02a85f432600eb5e45c0cdc7f2ccbb9d5147b579d4fc62b50d2cff445ab10000000000000009c920000d400000000000000	6886	6835	7469	14905	1742811471305	1176275712	1743123971305	1176486656	28177250	19017.6719	19673.896	13.2786	7058.719	4.7643	17563.623855713	312500000	210915.625	340677250	229933.2969	AntPool
845986	00000000000000000001f25ace82d452735a8f6465436de3652ce53a93d62780	2024-06-01 00:25:49	2024-05-31 23:42:27	1508560	828214	3993202	556744704	212f4000	100001001011110100000000000000	d4a0ef0f35312a110b4004475bc7fea0dbe1477bf724922c3663b56c2a3f0bd1	824551207	386094576	84381461788831	00000000000000000000000000000000000000007c55000520239ac3d0a7de42	03a2e80c048e6a5a662f466f756e6472792055534120506f6f6c202364726f70676f6c642f3600526d0000232b9e010000	5642	5558	7371	14302	227917777796	153828544	228230277796	154039456	37460021	25282.8926	24837.24	16.7632	9383.891	6.3335	11744.123515114	312500000	210915.625	349960021	236198.5156	Foundry USA Pool
845987	000000000000000000031a8eafc56503c0051dd31bd8e6cf5e69dd00140a827f	2024-06-01 00:27:15	2024-06-01 00:00:44	1461261	844030	3993351	570425344	22000000	100010000000000000000000000000	c59bcd28526da6b168ecde0a85dd6d1aa507c369cf106c8c6ef46e56f83bac94	2762112882	386094576	84381461788831	00000000000000000000000000000000000000007c554cc403f0b73043664558	03a3e80c122f5669614254432f5472757374706f6f6c2f2cfabe6d6dfd26b3ac15ec97c0aefec8d8a0bbe6428ec88851e2954e5297715cbfe81e4cd1100000000000000010078364003fea1c6cc6415da74fae030000000000	6740	6693	7683	14492	35084099895	23679312	35396599895	23890228	24136750	16290.6162	16522.186	11.1512	6046.4453	4.0806	14333.076848677	312500000	210915.625	336636750	227206.2344	ViaBTC
845988	00000000000000000002e3ca865c5ef7dcbdcd0ba13e5d8911bee395c1a999d3	2024-06-01 00:30:08	2024-06-01 00:02:25	1445842	849124	3993214	543162368	20600000	100000011000000000000000000000	dc88660f4ffca05f09281e4342c379971f77441a13feed1550ea9a0cb39ae9bd	1964371021	386094576	84381461788831	00000000000000000000000000000000000000007c559982e7bdd39cb624ac6e	03a4e80c04906b5a662f466f756e6472792055534120506f6f6c202364726f70676f6c642f0a005342849e010000000000	6717	6654	7557	14520	75867621592	51205332	76180121592	51416248	24123864	16281.9199	16688.918	11.2639	6043.11	4.0786	2154.4900423888	312500000	210915.625	336623864	227197.5469	Foundry USA Pool
845989	00000000000000000000a895a9a7c062ecb9c21945e8fb734da78ce2a5f43b24	2024-06-01 00:46:03	2024-06-01 00:09:57	1496495	832390	3993665	676192256	284de000	101000010011011110000000000000	1e82b5749ab60133f8c915d3d4f86a3b5fd52da090700d963f552377c284cce2	3781293260	386094576	84381461788831	00000000000000000000000000000000000000007c55e641cb8af00928e31384	03a5e80c194d696e656420627920416e74506f6f6c209300de07be132d29fabe6d6d39efee91681dafeeb80948ede440fc9c03e96d1bb08fe5ae135677ea040a0b1a1000000000000000000130a91655010000000000	4893	4796	7483	13504	328203881740	221514640	328516381740	221725568	38490938	25978.6895	25728.893	17.3653	9642.325	6.5077	10753.996463619	312500000	210915.625	350990938	236894.3125	AntPool
845990	000000000000000000028d2c10a5c06ce4cc8ee52e2c15c09eac4fe8efd42800	2024-06-01 00:52:35	2024-06-01 00:14:52	1464307	842892	3992983	1073676288	3fff0000	111111111111110000000000000000	ee0982c4174612ada8de6d1c179757336c6b294fa21718b7f59b2e8a23b56c4a	1616234835	386094576	84381461788831	00000000000000000000000000000000000000007c563300af580c759ba17a9a	03a6e80c04d1705a662f466f756e6472792055534120506f6f6c202364726f70676f6c642f3f0040dabbe1690400000000	6416	6364	7488	14545	96181222796	64915592	96493722796	65126508	29933995	20203.3516	20447.18	13.8003	7499.001	5.0613	1605.1628121294	312500000	210915.625	342433995	231118.9688	Foundry USA Pool
845991	000000000000000000003f699b6f578acee6672f81e676b163644c6848058904	2024-06-01 01:04:18	2024-06-01 00:25:49	1482194	837115	3993539	551550976	20e00000	100000111000000000000000000000	7951b3174102cfc509f66f5eeaa528ef15390799bdfc02003483c81e0e76e463	1648768768	386094576	84381461788831	00000000000000000000000000000000000000007c567fbf932528e20e5fe1b0	03a7e80c1b4d696e656420627920416e74506f6f6c3930376c00fa03c49a2c3cfabe6d6d38d38680692eae820a3b48500489d5dc8069cd06ed0eca016b136f3c5bd3af901000000000000000fff600008c6e010000000000	5961	5889	7221	14869	144905836815	97801296	145218336815	98012216	34610266	23359.5059	23358.217	15.765	8670.474	5.8516	13943.97893198	312500000	210915.625	347110266	234275.125	AntPool
845992	0000000000000000000180e76e34099ae918bff5a6249b9f17a66d6b8c6bb29e	2024-06-01 01:07:45	2024-06-01 00:27:15	1454257	846308	3993181	536928256	2000e000	100000000000001110000000000000	8971d0308cf9f4b2d7a987d0446972f5be49b85c7afa2630f88a0989e91490ca	1367149205	386094576	84381461788831	00000000000000000000000000000000000000007c56cc7e76f2454e811e48c6	03a8e80c0459745a662f466f756e6472792055534120506f6f6c202364726f70676f6c642f51000d0c0000fbe2984c0000	7078	7043	7578	15084	116925527165	78916544	117238027165	79127464	27285995	18416.1367	18767.23	12.6664	6835.2905	4.6131	1431.2533301028	312500000	210915.625	339785995	229331.7656	Foundry USA Pool
845993	00000000000000000001445ef87f51b84c9de36d8e81f570a640ece1a911b497	2024-06-01 01:11:55	2024-06-01 00:30:08	1502976	830001	3992979	539459584	20278000	100000001001111000000000000000	a25facf3875f38799088bc307d8e59c8965d6f8116dab959e7a37342bbff6f42	122006900	386094576	84381461788831	00000000000000000000000000000000000000007c57193d5abf61baf3dcafdc	03a9e80c045c755a662f466f756e6472792055534120506f6f6c202364726f70676f6c642f30005465f1ab3e5700000000	6682	6652	7451	14955	70578401974	47635480	70890901974	47846396	28687171	19361.832	19091.23	12.8851	7186.6567	4.8507	1408.5590298566	312500000	210915.625	341187171	230277.4531	Foundry USA Pool
845994	00000000000000000001aa815e189a3d3f8784e2a2f0cb550d9dd234698af2dd	2024-06-01 01:17:16	2024-06-01 00:46:03	1496845	832082	3993091	761798656	2d682000	101101011010000010000000000000	25c10c9d1576375393b456f7b0da96a284f180d055b8ad0b43c15ef4e6cc7093	1228658638	386094576	84381461788831	00000000000000000000000000000000000000007c5765fc3e8c7e27669b16f2	03aae80c049c765a662f466f756e6472792055534120506f6f6c202364726f70676f6c642f2e01ce97bf6c000000000000	6601	6553	7545	14698	116836367486	78856368	117148867486	79067288	30571331	20633.5078	20428.486	13.7875	7658.458	5.1686	362.65813942906	312500000	210915.625	343071331	231549.1406	Foundry USA Pool
845995	00000000000000000002daf8b386ce536f66d5eb444e0e52b0780577687d9b5e	2024-06-01 01:30:59	2024-06-01 00:52:35	1484600	836219	3993257	760168448	2d4f4000	101101010011110100000000000000	abb00b7cf00c3d1d3c3cf4e2a0ef576f99cd2ed30e98dae356b9619de6e97c62	3390533435	386094576	84381461788831	00000000000000000000000000000000000000007c57b2bb22599a93d9597e08	03abe80c082f5669614254432f2cfabe6d6de955aed750a9e44fd9ed432ff0b7c6b77d3071b6fe7ce2a592278a2766f4f787100000000000000010c80e250349dd9b97c80e362fb425010000000000	5255	5176	7144	14159	166895304723	112642648	167207804723	112853560	36970309	24952.3711	24908.947	16.8118	9261.478	6.2505	3291.0389112555	312500000	210915.625	349470309	235868	ViaBTC
845996	00000000000000000002434f73e8571dd1b03f275a541a1a2e902768448d18df	2024-06-01 01:39:52	2024-06-01 01:04:18	1501189	830589	3992956	720699392	2af50000	101010111101010000000000000000	eb5a0504df25ff9ac7d63c070fa3fcea7284a04658f9dcd23e63dfec5cca3650	2604947039	386094576	84381461788831	00000000000000000000000000000000000000007c57ff7a0626b7004c17e51e	03ace80c04e87b5a662f466f756e6472792055534120506f6f6c202364726f70676f6c642f2d013371b7ba000000000000	6041	5989	7399	14291	127222809789	85866488	127535309789	86077408	34288259	23142.1738	22845.908	15.4195	8589.88	5.7976	22086.289221752	312500000	210915.625	346788259	234057.7969	Foundry USA Pool
845997	00000000000000000002e8476fee0c2a983c2711fc1af67340cf7c5e93e254b9	2024-06-01 01:40:06	2024-06-01 01:07:45	1532665	821773	3997984	607838208	243ae000	100100001110101110000000000000	d31627ba627cd48bc817e1887660ba06ae511475e3d9130505a655e920b0927a	2778973597	386094576	84381461788831	00000000000000000000000000000000000000007c584c38e9f3d36cbed64c34	03ade80c2cfabe6d6d9a2cf7dd7e9acd6e714604905ed3d5f4931474e35151702349cc72e120c1f53e10000000f09f909f092f4632506f6f6c2f6b00000000000000000000000000000000000000000000000000000000000000000000000500b2000000	7460	7442	7611	15428	11371445247	7674929.5	11683945247	7885845	25990402	17541.7012	16963.64	11.4495	6504.2217	4.3897	1164.8269316294	312500000	210915.625	338490402	228457.3281	F2Pool
845998	0000000000000000000311abadd85397ecc23b77d4e2c7d066b92a65bb59caa2	2024-06-01 02:07:12	2024-06-01 01:11:55	1468846	841529	3993433	684474368	28cc4000	101000110011000100000000000000	81c5d291fee93448df5fe754e8e48468ca303776fd819714eaed87ee49468e5d	1184789037	386094576	84381461788831	00000000000000000000000000000000000000007c5898f7cdc0efd93194b34a	03aee80c1b4d696e656420627920416e74506f6f6c39363523000807db1785f9fabe6d6d2f6e0160fd13a744b99f9ef14f7b2ccffc97c90b8021a30c3cf385b83a184517100000000000000000006bab2a00000000314c02	4198	4046	6936	14004	665409133923	449104576	665721633923	449315488	48716214	32880.0352	33177.094	22.3922	12204.582	8.2375	6759.4028544859	312500000	210915.625	361216214	243795.6562	AntPool
845999	0000000000000000000345d41571b164bf12f3f5d8bfd79d76f3e475c9959f34	2024-06-01 02:12:00	2024-06-01 01:17:16	1457883	845074	3993105	717299712	2ac12000	101010110000010010000000000000	c769c820fcac0ada70bccda17a353b93bb6723900b6a73916526bae79c941720	31715608	386094576	84381461788831	00000000000000000000000000000000000000007c58e5b6b18e0c45a4531a60	03afe80c0471835a662f466f756e6472792055534120506f6f6c202364726f70676f6c642f1b0150ed7161000000000000	6450	6390	7406	14663	88725553039	59883536	89038053039	60094452	31234068	21080.8086	21429.26	14.4631	7824.4536	5.2807	2850.8188347468	312500000	210915.625	343734068	231996.4375	Foundry USA Pool
846000	00000000000000000001aa5c5c2a611ea4fdd83194e0aa9e3ff9fd8ce20d673b	2024-06-01 02:22:48	2024-06-01 01:30:59	1496870	831969	3992777	766992384	2db76000	101101101101110110000000000000	bd4dab2c9efef0cd3789d96939183fc23db52800aa75f5db59d92ab8e593195b	2521260037	386094576	84381461788831	00000000000000000000000000000000000000007c593275955b28b217118176	03b0e80c04f8855a662f466f756e6472792055534120506f6f6c202364726f70676f6c642f440112484be5000000000000	5774	5704	7469	14121	172019086331	116100840	172331586331	116311760	36748686	24802.791	24555.93	16.5736	9206.678	6.2141	14595.395449319	312500000	210915.625	349248686	235718.4219	Foundry USA Pool
846001	000000000000000000026252317e92d200b039db3dc80ccedce1f51d39def552	2024-06-01 02:35:11	2024-06-01 01:39:52	1503191	830072	3993407	536928256	2000e000	100000000000001110000000000000	8d32734c32dccbc6dfb4eae967af7edf0b11fded3ed13a8398eebb62ae474fb8	1795761739	386094576	84381461788831	00000000000000000000000000000000000000007c597f347928451e89cfe88c	03b1e80c1d506f7765726564206279204c75786f722054656368f3003006e50b8e2efabe6d6d51ff87e05fa941c273ee5c9adbbd5a8e8a2940504449545d86230515ea49221710000000000000000000ae45006c6b0000000000	5661	5589	7452	14382	245366684853	165605344	245679184853	165816256	35612205	24035.7461	23698.623	15.9952	8921.789	6.0217	11195.959947437	312500000	210915.625	348112205	234951.375	Unknown
846002	0000000000000000000353593b0e1a9c7762a91f1d862438919d9587859c3d79	2024-06-01 02:37:31	2024-06-01 01:40:06	1466939	842036	3993047	627965952	256e0000	100101011011100000000000000000	dd749295c70261237050e039c71e443800ba94bb83ec620c72f9aa1661007f4b	2896249938	386094576	84381461788831	00000000000000000000000000000000000000007c59cbf35cf5618afc8e4fa2	03b2e80c0f2f736c7573682f93007700e5f00382fabe6d6db93927a779865bbec0e9770b6b380e902317336923a338e1969d6b549e91267710000000000000000000c6d838000b0100000000	6536	6495	7629	14126	304774804300	205701664	305087304300	205912576	28696011	19367.7988	19566.86	13.2064	7189.015	4.8521	4238.4641659037	312500000	210915.625	341196011	230283.4219	SlushPool
846003	000000000000000000003b4eefcd08b6be258db806cfe4a2764a9122168b12ab	2024-06-01 02:51:43	2024-06-01 02:07:12	1494053	833210	3993683	547356672	20a00000	100000101000000000000000000000	08711c92c502b9e08ca0fa86be79abceaceb57bc5efdc10abea4c95b84e1773f	185238441	386094576	84381461788831	00000000000000000000000000000000000000007c5a18b240c27df76f4cb6b8	03b3e80c11627463636f6d38383793006a03eb037b01fabe6d6dfcdc36d45b820e5b3ca6af44505a2926c2427dc080245e6ad5cf9982ad917080100000000000000098740000ca39010000000000	5372	5294	7317	13450	251242483532	169571088	251554983532	169782000	36362743	24542.3066	24345.932	16.4318	9109.079	6.1479	32512.344296784	312500000	210915.625	348862743	235457.9375	Unknown
846004	000000000000000000003598819dce9966b77923a4811f5f86f570c842626c20	2024-06-01 02:55:20	2024-06-01 02:12:00	1489162	834743	3993391	536870912	20000000	100000000000000000000000000000	19f47b56dc4a2ad78f746e407a152a781fef24fd777ffcebf067a3a5eaf1a31c	1863593906	386094576	84381461788831	00000000000000000000000000000000000000007c5a6571248f9a63e20b1dce	03b4e80c1a2f706f6f6c696e2e636f6d2f66702f3931376c012e01ec465ba5fabe6d6dc14cccd118949fb6befdde4440930975fa8e1632b17a40879f72ec2441ccfa9f100000000000000005830000012c000000000000	6446	6413	7666	14360	89485249649	60396280	89797749649	60607196	28654832	19340.0059	19247.268	12.9904	7178.1597	4.8446	3350.7198518321	312500000	210915.625	341154832	230255.625	Poolin
846005	00000000000000000002beaf949a2a2da0db478688540300f42b1aeb958e94c7	2024-06-01 02:56:49	2024-06-01 02:22:48	1562834	810118	3993188	541261824	20430000	100000010000110000000000000000	c2157a3e52824dfe63c874de108d9b99ddfd356858e3a835272821aaabe18b8d	391389075	386094576	84381461788831	00000000000000000000000000000000000000007c5ab230085cb6d054c984e4	03b5e80c04f28d5a662f466f756e6472792055534120506f6f6c202364726f70676f6c642f1e048fc4299c000000000000	5660	5524	7870	12859	40200585279	27132582	40513085279	27343496	25738085	17371.4062	16472.438	11.1174	6447.5195	4.3519	2689.8459033868	312500000	210915.625	338238085	228287.0312	Foundry USA Pool
846006	000000000000000000034a5190ccfac8ae10006fbc7bb7bc194df076d43bd971	2024-06-01 03:53:15	2024-06-01 02:35:11	1377485	871949	3993332	570425344	22000000	100010000000000000000000000000	724fabb35d7b58edbf51a06764e839f0a6de1cd24a03cfedd48e8315a1ba08c3	3135761601	386094576	84381461788831	00000000000000000000000000000000000000007c5afeeeec29d33cc787ebfa	03b6e80c1a2f5669614254432f4d696e6564206279206d74313337396d742f2cfabe6d6d65001d7db9630534584d76adcf384459398545eab8ce1dad866ec26c6ae72b69100000000000000010418543065442264bccbf307f11b8a50000000000	2233	2065	4822	18470	1107240257433	747309696	1107552757433	747520576	61071854	41219.2266	44348.645	29.9325	15299.174	10.3258	28419.367552933	312500000	210915.625	373571854	252134.8438	ViaBTC
846007	00000000000000000003214e4214ca2e409c96a1a342d482d4b7a48d2683d1b4	2024-06-01 03:58:37	2024-06-01 02:37:31	1484076	836493	3993555	686735360	28eec000	101000111011101100000000000000	df3b4930f83eb0ab45a01eee9fee568add8bc778c76b387857acc0b1a87261cd	479836721	386094576	84381461788831	00000000000000000000000000000000000000007c5b4badcff6efa93a465310	03b7e80c1b4d696e656420627920416e74506f6f6c3930376c01000102f06264fabe6d6d85456be85d9b11520f9d360a04c2cd6c7c1d7bdc1363e087ec809609c8f1ff2e10000000000000000000257bb500000000000000	4761	4635	7360	12886	507046483202	342220896	507358983202	342431808	42082474	28402.7246	28365.127	19.1444	10542.349	7.1151	9650.066384408	312500000	210915.625	354582474	239318.3438	AntPool
846008	0000000000000000000129af9bee51ecb595f6b5e2990af997edabdf3fd900e8	2024-06-01 04:13:03	2024-06-01 02:51:43	1534228	819574	3992950	634044416	25cac000	100101110010101100000000000000	5094668666e67a5e15c75cd7b4881b890e8dade3980ec3e904ed7c99a43f67bf	2644026479	386094576	84381461788831	00000000000000000000000000000000000000007c5b986cb3c40c15ad04ba26	03b8e80c04d09f5a662f466f756e6472792055534120506f6f6c202364726f70676f6c642f2f003c44323e010000000000	4556	4431	7750	12076	231217378742	156055552	231529878742	156266464	41264976	27850.9707	26902.209	18.157	10337.7	6.9774	4421.7066853676	312500000	210915.625	353764976	238766.5938	Foundry USA Pool
846009	0000000000000000000320d8dfeba704a929a7f8f1cbd37096edf841976b26a9	2024-06-01 04:23:39	2024-06-01 02:55:20	1516803	826957	3997674	1073676288	3fff0000	111111111111110000000000000000	16687b059d0ef19b7b789413d353d33492790958d531f385bbb9a868297b7b35	2053975250	386094576	84381461788831	00000000000000000000000000000000000000007c5be52b979128821fc3213c	03b9e80c2cfabe6d6d1417849b6a5bfc4fde9e8d6c162b088219eafe10d27037220a2af47058aeed7a10000000f09f909f092f4632506f6f6c2f6b00000000000000000000000000000000000000000000000000000000000000000000000500ba0d0000	4994	4871	7518	13179	361562512266	244029392	361875012266	244240304	34931011	23575.9863	23037.582	15.549	8742.33	5.9002	16929.74645259	312500000	210915.625	347431011	234491.6094	F2Pool
846010	0000000000000000000151f0072a748fea190fc62a5bfaaa989b9792d84e685e	2024-06-01 04:42:53	2024-06-01 02:56:49	1440317	851020	3993377	632856576	25b8a000	100101101110001010000000000000	693bf5be0a05a16b442777a149e685bbacee2f3e6070e19be51411787164d9d6	372791355	386094576	84381461788831	00000000000000000000000000000000000000007c5c31ea7b5e44ee92818852	03bae80c194d696e656420627920416e74506f6f6c202300310212c611cffabe6d6d3d850364f1777710eecbb701df06a5dfb50a51b5df09d6e43f5454a71173c6481000000000000000000038ce9cac010000000000	4721	4642	6999	14236	777577163318	524810144	777889663318	525021056	38647006	26084.0234	26841.145	18.1158	9682.12	6.5347	10419.754796824	312500000	210915.625	351147006	236999.6562	AntPool
846011	000000000000000000020494075538827cdd2563586486f0a13cfc5ec6e2aa1a	2024-06-01 04:50:10	2024-06-01 03:53:15	1479150	839584	3997902	716152832	2aafa000	101010101011111010000000000000	cccacc944ff8fc55762be695f543edd4e75421253c34e3047747bdc25806e185	4289302051	386094576	84381461788831	00000000000000000000000000000000000000007c5c7ea95f2b615b053fef68	03bbe80c2cfabe6d6dc881be1cfa7554ffe24b3a0c9887c06c6c3a134683439474245683a8c8ff431510000000f09f909f092f4632506f6f6c2f73000000000000000000000000000000000000000000000000000000000000000000000005003e16fd00	6460	6402	7705	14169	305076895471	205905552	305389395471	206116464	32598099	22001.4355	22046.463	14.8795	8157.997	5.5061	1807.0354972885	312500000	210915.625	345098099	232917.0625	F2Pool
846012	0000000000000000000161eeba3c85f2afb3254c52a99e570f9e9750be2e3e48	2024-06-01 04:54:23	2024-06-01 03:58:37	1417174	860266	3997972	849027072	329b2000	110010100110110010000000000000	974d957579e16a36dc66fddf7067ced4f4bbae4660b33c88291e0f21a5c1e694	359921310	386094576	84381461788831	00000000000000000000000000000000000000007c5ccb6842f87dc777fe567e	03bce80c2cfabe6d6dd64f23262d0938af435be71918bb0541e81b047e91597a991391d1706ba0f4f810000000f09f909f092f4632506f6f6c2f73000000000000000000000000000000000000000000000000000000000000000000000005004464fe64	5132	5082	6903	13394	66859938986	45125780	67172438986	45336696	27707036	18700.3105	19558.373	13.2003	6933.8384	4.68	17756.503980495	312500000	210915.625	340207036	229615.9375	F2Pool
846013	000000000000000000019a542710d58e7da90b689bfb87c666017e7deb831b65	2024-06-01 04:57:10	2024-06-01 04:13:03	1526079	823919	3997836	777625600	2e59a000	101110010110011010000000000000	80d322a6990027fd4d4291ba7c8361590dab7cf15028533837cd818a889aba45	751203353	386094576	84381461788831	00000000000000000000000000000000000000007c5d182726c59a33eabcbd94	03bde80c2cfabe6d6d2a4bd383ecc3c3958de4c41e7b53e4490e98bc7bde181e94ffd84f4fda62366010000000f09f909f092f4632506f6f6c2f73000000000000000000000000000000000000000000000000000000000000000000000005005e464b00	6928	6904	7735	14757	589240697215	397696224	589553197215	397907136	28324978	19117.377	18567.205	12.5314	7088.723	4.7846	1291.874366483	312500000	210915.625	340824978	230033	F2Pool
846014	00000000000000000001ebdc2b75c1304c90a1b14efa96520f0d34441b5285cd	2024-06-01 05:16:20	2024-06-01 04:23:39	1525663	822490	3993133	588881920	2319a000	100011000110011010000000000000	84f8284ddda071ae930ffdf7d7dc4beb43e2a8ef5a432267333a7ca183e3ec9b	536439517	386094576	84381461788831	00000000000000000000000000000000000000007c5d64e60a92b6a05d7b24aa	03bee80c04a5ae5a662f466f756e6472792055534120506f6f6c202364726f70676f6c642f15013bac00005f47b0020000	4794	4688	7734	12943	767053515649	517707424	767366015649	517918336	40064396	27040.6621	26266.172	17.7277	10036.471	6.7736	21492.582491468	312500000	210915.625	352564396	237956.2812	Foundry USA Pool
846015	000000000000000000029ca80c848f56529b72b65579de6d7e69d70e21687fd4	2024-06-01 05:22:15	2024-06-01 04:42:53	1416182	858977	3993113	551550976	20e00000	100000111000000000000000000000	020bc246136e5960a588f903f47d5f3e1c8fbcd65396c8f8346cde6e72022520	2172585492	386094576	84381461788831	00000000000000000000000000000000000000007c5db1a4ee5fd30cd0398bc0	03bfe80c0407b05a662f466f756e6472792055534120506f6f6c202364726f70676f6c642f4201dc72a762170000000000	6243	6189	7126	15117	53964747658	36422428	54277247658	36633344	29805601	20116.6934	21051.502	14.2086	7466.593	5.0397	816.44676002278	312500000	210915.625	342305601	231032.3125	Foundry USA Pool
846016	0000000000000000000273074c075ade3f3fe9aba7132e4d4373b49b29eb540e	2024-06-01 05:38:08	2024-06-01 04:50:10	1530502	820773	3992821	628080640	256fc000	100101011011111100000000000000	f135e1e560eb279e4c01ec542c49c751a80e1fbcb5e6a1256c3084e5b04dfd73	3038037760	386094576	84381461788831	00000000000000000000000000000000000000007c5dfe63d22cef7942f7f2d6	03c0e80c04c1b35a662f466f756e6472792055534120506f6f6c202364726f70676f6c642f3a017eb7fb0a000000000000	5455	5363	7454	13776	362360491771	244567968	362672991771	244778880	37195792	25104.5566	24308.4	16.4062	9318.589	6.2897	21448.023005439	312500000	210915.625	349695792	236020.1875	Foundry USA Pool
846017	00000000000000000001d940c2bd1c159ed50cd3c1a7ec1ad78c1c970d71a3ca	2024-06-01 05:40:54	2024-06-01 04:54:23	1552708	813470	3993118	536870912	20000000	100000000000000000000000000000	ab4c37d37854bf637f415c0ba3a683efa98919fa0314933a8bf9efcbd0e11dad	636012061	386094576	84381461788831	00000000000000000000000000000000000000007c5e4b22b5fa0be5b5b659ec	03c1e80c082f5669614254432f2cfabe6d6dc86ce9c6827584c01d6e33218a1a53463c951190a018bddcd0a7b24683ee7a2810000000000000001064860d0721752324750c6f9e45bf070000000000	6614	6576	7612	14089	80109344761	54068200	80421844761	54279116	28083173	18954.1758	18091.027	12.2102	7035.395	4.7481	5433.6115305198	312500000	210915.625	340583173	229869.7969	ViaBTC
846018	000000000000000000017e5821b9d4816b87b3bd1f7ae5195cbdc7d56a263cab	2024-06-01 05:53:10	2024-06-01 04:57:10	1502701	830340	3993721	585408512	22e4a000	100010111001001010000000000000	2439afe5f098cd8c951d99bad6ae77d2d6560998d581151d08c8964c384d8a5e	2485143046	386094576	84381461788831	00000000000000000000000000000000000000007c5e97e199c728522874c102	03c2e80c11627463636f6d38383793006a032be83530fabe6d6d96283fde687f7c873745c19a32610cc9a02a8dadcf9c2bf393195f540fcb3739100000000000000000000cedac01000000000000	5960	5874	7608	13959	248082078793	167438032	248394578793	167648960	33095471	22337.127	22030.836	14.8694	8290.529	5.5958	5669.3215658373	312500000	210915.625	345595471	233252.75	Unknown
846019	0000000000000000000161efad184e4ede2f92d50901a3fd98be72c694e29821	2024-06-01 05:57:14	2024-06-01 05:16:20	1545431	815926	3993209	839942144	32108000	110010000100001000000000000000	df5a18acf04bd913b11fd0a100e2c8dbf1da62f00788ba907cfaeb9e5cfd1c19	2269852716	386094576	84381461788831	00000000000000000000000000000000000000007c5ee4a07d9444be9b332818	03c3e80c043ab85a662f466f756e6472792055534120506f6f6c202364726f70676f6c642f0f03f701c957000000000000	6905	6866	7570	14658	709174269533	478642976	709486769533	478853920	28530979	19256.4141	18465.566	12.4633	7147.1157	4.8237	4899.5409508778	312500000	210915.625	341030979	230172.0312	Foundry USA Pool
846020	000000000000000000004a27d5fad6d4c1a5fe92e3ed0c418c3d9c3ee2f29c9f	2024-06-01 05:58:13	2024-06-01 05:22:15	1534619	819605	3993434	536969216	20018000	100000000000011000000000000000	9dece66f0fc37cd61fe9f662d22a3c96808253aa02bf8d17a77b982b5750f191	1276709210	386094576	84381461788831	00000000000000000000000000000000000000007c5f315f6161612b0df18f2e	03c4e80c1362696e616e63652f3939369300ff052db70bb8fabe6d6df0d2430eb7464b5d709c5a7ed9d395aba8446ec7b3a99fdede947faae74e6ba510000000000000000000e76224f4780200000000	5540	5454	7828	12252	35362511049	23867220	35675011049	24078136	24979790	16859.6094	16282.495	10.9892	6257.986	4.2237	3639.8717745666	312500000	210915.625	337479790	227775.2344	Binance
846021	0000000000000000000200f5cd05ee9b8c5c56934ac39464a52bdb194d6657c9	2024-06-01 06:03:32	2024-06-01 05:38:08	1514436	826378	3993570	594018304	23680000	100011011010000000000000000000	e2420c734cc2cedbe34dc53e2c870d09d32a104c3af908c2a1ccc5d31c22da3f	70872182	386094576	84381461788831	00000000000000000000000000000000000000007c5f7e1e452e7d9780aff644	03c5e80c194d696e656420627920416e74506f6f6c20b9005c052f9d8475fabe6d6dc858efbf39e481131cef0ff4a6af93a311f8a313dcc6779367300284e6082c4a100000000000000001070100f56c000000000000	6618	6577	7545	14731	111671369179	75370360	111983869179	75581272	27142966	18319.6016	17928.445	12.1001	6799.7183	4.5895	1358.1241569533	312500000	210915.625	339642966	229235.2344	AntPool
846022	00000000000000000003351c1b21640a41d52c332b409d497ea558be20f14842	2024-06-01 06:09:45	2024-06-01 05:40:54	1502046	830338	3993060	838860800	32000000	110010000000000000000000000000	1eea24c4845111726dcda459e8a1920ede7410327a47baa38c45edf1663b7f5b	2365345334	386094576	84381461788831	00000000000000000000000000000000000000007c5fcadd28fb9a03f36e5d5a	03c6e80c1b2f5669614254432f4d696e656420627920646d697472797a6d732f2cfabe6d6d43630ecd8c6c50afbb96864575c5c53d9913ce480e1fcad5eceeedcac3465642100000000000000010c186a60623cc588b136d96bba241180000000000	6299	6254	7973	13895	130013912032	87750288	130326412032	87961208	27630809	18648.8613	18400.36	12.4187	6922.3013	4.6719	9057.4879913562	312500000	210915.625	340130809	229564.4844	ViaBTC
846023	00000000000000000000322ae4e4263435b105eddd43a45792a360a0b4389e7c	2024-06-01 06:31:46	2024-06-01 05:53:10	1546085	815704	3993197	760659968	2d56c000	101101010101101100000000000000	eaaf23d2384adef2e77427989328348284942eca82cb5bb8a93cfbc8d9c8c08d	2001543171	386094576	84381461788831	00000000000000000000000000000000000000007c60179c0cc8b670662cc470	03c7e80c0453c05a662f466f756e6472792055534120506f6f6c202364726f70676f6c642f1e0c5f78e602000000000000	4304	4172	7268	11880	340595898662	229878384	340908398662	230089312	36284425	24489.4473	23473.746	15.8433	9089.41	6.1344	7506.9819808482	312500000	210915.625	348784425	235405.0781	Foundry USA Pool
846024	00000000000000000000ce81c7c247d69a160ecfbae8fc8c7c574930d92ea8f7	2024-06-01 06:36:15	2024-06-01 05:57:14	1464745	842804	3993157	536985600	2001c000	100000000000011100000000000000	b3ca23252ea0918d2690bfcd154d2e4104aa3fdec4bb3622877435958a2767fb	2980604447	386094576	84381461788831	00000000000000000000000000000000000000007c60645af095d2dcd8eb2b86	03c8e80c082f5669614254432f2cfabe6d6d0a369b14d5a948a8702af5b19d5108a841e75be750619f7178711b9eddbcd79910000000000000001006874206ca87102214b4477f5a000c0000000000	6476	6404	7190	15430	120608961943	81402608	120921461943	81613520	26397496	17816.4629	18026.607	12.167	6613.0347	4.4633	3166.9086612563	312500000	210915.625	338897496	228732.0938	ViaBTC
846025	0000000000000000000276d95baa3c0a5c592dcb8c6f500f7f64565fa2d2c2fc	2024-06-01 07:07:35	2024-06-01 05:58:13	1507328	828623	3993197	685359104	28d9c000	101000110110011100000000000000	b5e4e82696c3359fc600151348afba31a10bf2d0c34ba28a94027e82cad1df71	1888301115	386094576	84381461788831	00000000000000000000000000000000000000007c60b119d462ef494ba9929c	03c9e80c04ccc85a66537069646572506f6f6c2f383939382f0a00b0aa3704000000000000	5289	5172	7050	14135	700668888564	472902464	700981388564	473113376	44411827	29974.875	29470.67	19.8909	11125.405	7.5086	11769.322460102	312500000	210915.625	356911827	240890.5	SpiderPool
846026	0000000000000000000079918298b4db4c4c202cc123e1d0b2dd97221c985246	2024-06-01 07:12:01	2024-06-01 06:03:32	1458246	845085	3993501	591405056	23402000	100011010000000010000000000000	f9d8bced3570ece65ea28ad87af98b4b74b63aaee7d960ab558e955e83e393cd	19635124	386094576	84381461788831	00000000000000000000000000000000000000007c60fdd8b8300bb5be67f9b2	03cae80c194d696e656420627920416e74506f6f6c2023002f06481acbd0fabe6d6d597ca08447b9c77258b8a47c468ad4d6aab885ed1293373142fb1701db3a4ff410000000000000000000dd247857000000000000	4762	4639	7679	11480	181080774271	122216848	181393274271	122427760	30238921	20409.1543	20743.258	14.0001	7575.432	5.1126	122195.99811074	312500000	210915.625	342738921	231324.7812	AntPool
846027	000000000000000000023bfacee8a5adff095b6b801d89529bb43be3c942627f	2024-06-01 07:24:07	2024-06-01 06:09:45	1569650	807815	3993095	843964416	324de000	110010010011011110000000000000	2ce87b672890a2c64e1d6dfaa70c7c4d959250a6364391f140d220ee9d29dfc2	1745510463	386094576	84381461788831	00000000000000000000000000000000000000007c614a979bfd2822312660c8	03cbe80c0498cc5a662f466f756e6472792055534120506f6f6c202364726f70676f6c642f15013bac00003f66be010000	5398	5284	8009	12679	165707833348	111841184	166020333348	112052104	32742029	22098.5781	20863.965	14.0817	8202.233	5.5358	6580.3889395537	312500000	210915.625	345242029	233014.2031	Foundry USA Pool
846028	00000000000000000001e6602b369f4f92418ae1f725336da599de22bbb5f641	2024-06-01 07:34:57	2024-06-01 06:31:46	1524038	822988	3993002	856907776	33136000	110011000100110110000000000000	210aa43437d3c801609a66d1823a95a1bdc79bae1844887cc7b19a052b8ce4d3	3211149370	386094576	84381461788831	00000000000000000000000000000000000000007c6197567fca448ea3e4c7de	03cce80c0436cf5a66537069646572506f6f6c2f383939382f04000b278701000000000000	5502	5396	7470	12750	76052233128	51329932	76364733128	51540848	31577784	21312.793	20724.492	13.9872	7910.7935	5.3394	5131.8437008553	312500000	210915.625	344077784	232228.4219	SpiderPool
846029	00000000000000000001726c4f29eb9e01f96db8e12bc9813fcdb4e3a4dff9c2	2024-06-01 07:36:15	2024-06-01 06:36:15	1491745	833996	3993733	536870912	20000000	100000000000000000000000000000	226dd077ebcb81df20708e9337f975446ac92dae89447bfa4b187c0e48de97bf	3671278767	386094576	84381461788831	00000000000000000000000000000000000000007c61e415639760fb16a32ef4	03cde80c1b4d696e656420627920416e74506f6f6c3936319301850050b9a6ccfabe6d6d7c571356bfe9896e2b999db2f90fceaf405df76f366934a90be88e4a668baafe10000000000000000000bdcf0699170500000000	6778	6711	7705	14254	47938010806	32354802	48250510806	32565718	22464569	15162.0117	15064.072	10.1671	5627.4917	3.7978	22298.224027478	312500000	210915.625	334964569	226077.6406	AntPool
846030	00000000000000000000a83e07c21888da315bff9a37daa2c1232cdd32eec04c	2024-06-01 07:38:09	2024-06-01 07:07:35	1580973	804142	3993399	541065216	20400000	100000010000000000000000000000	b58d97bc73b4535ee5de34b0da49cd1cd342cafe578018e5790596066dec07d9	2433120407	386094576	84381461788831	00000000000000000000000000000000000000007c6230d447647d678961960a	03cee80c082f5669614254432f2cfabe6d6d8dca6b0a1075fbc880de9e886c5bf29b083a3ac55168c0913686360e4c7e50ee100000000000000010b8871505537a28312361cada6204030100000000	5892	5828	7746	12558	76112290118	51370468	76424790118	51581384	23351797	15760.8281	14774.092	9.9714	5849.679	3.9483	18487.501888828	312500000	210915.625	335851797	226676.4531	ViaBTC
846031	00000000000000000002b9374a18b1194e0d2bccef9f30da1fb22254dca71a39	2024-06-01 07:48:21	2024-06-01 07:12:01	1341945	883898	3993639	706822144	2a214000	101010001000010100000000000000	0e70e6103268e31ba5639d6ea5afd725a946818429cf1a2b7b3b0c25f0e458d1	2329500081	386094576	84381461788831	00000000000000000000000000000000000000007c627d932b3199d3fc1ffd20	03cfe80c194d696e656420627920416e74506f6f6c20b90033055519bee5fabe6d6d54223e0bbeb20afc3c8f8d01a9c7e9c452a5841b1becf0ac4091960c22ecd258100000000000000000006e0fe799da0000000000	4102	3999	7243	9734	124794979321	84227872	125107479321	84438792	27261739	18399.7656	20322.287	13.7159	6829.3545	4.6091	8242.1194807301	312500000	210915.625	339761739	229315.3906	AntPool
846032	00000000000000000002719ea688391e73ad1bd1c032d2cb8a3d029a0b41a6a6	2024-06-01 07:52:12	2024-06-01 07:24:07	1596572	798718	3992726	845127680	325fa000	110010010111111010000000000000	c29583b247ed2b36ce92fa2dfb036abbeb891572ffa4c08a70b1ca8d08d20c48	1761422733	386094576	84381461788831	00000000000000000000000000000000000000007c62ca520efeb6406ede6436	03d0e80c0432d35a662f4d41524120506f6f6c202876303331393234292f255bb051aec425e2bc67bc0611c2fa7c13f4dad86400a3000000ffffffff	3766	3690	7763	8952	80355480378	54234324	80667980378	54445240	24373433	16450.3613	15269.077	10.3055	6106.1963	4.1211	1370.3980241706	312500000	210915.625	336873433	227365.9844	MaraPool
846033	00000000000000000000f16d7cab4e653fdf05bc7fe1e448cd8bc337a538e9ad	2024-06-01 07:54:49	2024-06-01 07:34:57	1627699	788677	3993730	549453824	20c00000	100000110000000000000000000000	4da46cd59df858fa81935128b0eaa06b6242cf5020e69cfccd2eaed369c4c53d	2048041524	386094576	84381461788831	00000000000000000000000000000000000000007c631710f2cbd2ace19ccb4c	03d1e80c1b4d696e656420627920416e74506f6f6c393030930058025769ea42fabe6d6d843ec3e8c780f67771187fef8b0a172f0519e2d5ffeb8e14e0d989abab1f27f610000000000000009c70000078a5000000000000	4299	4211	7013	12094	48159009526	32503960	48471509526	32714876	21688629	14638.3066	13328.623	8.9961	5433.1187	3.6669	2161.7413528534	312500000	210915.625	334188629	225553.9375	AntPool
846034	00000000000000000001d4c1636813474f9ef5056f962b563712d6b6f07d1fa1	2024-06-01 08:14:07	2024-06-01 07:36:15	1538416	818405	3993631	673546240	28258000	101000001001011000000000000000	f720752872163b253ab88142ae965cd813602410a564924262921ad952c94031	2332933929	386094576	84381461788831	00000000000000000000000000000000000000007c6363cfd698ef19545b3262	03d2e80c1a4d696e656420627920416e74506f6f6c206c010d015e4af3e501fabe6d6da6caffb9cee39b788688b1afebac59965d7c9be73f03362b528d19aa30aaff291000000000000000000079fe0a00000000000000	4774	4600	7699	12042	1902295692377	1283916416	1902608192377	1284127360	31278471	21110.7793	20337.9	13.7267	7835.6123	5.2888	78812.558400307	312500000	210915.625	343778471	232026.4062	AntPool
846035	0000000000000000000350b0cea69946efb53cd20d993beb693d54d584fe7ce3	2024-06-01 08:14:10	2024-06-01 07:38:09	1571945	807254	3993707	865984512	339de000	110011100111011110000000000000	0aff9c570eac7392c27ef631bf02d7e5ca8061794df4c1269a5a4824a6f9ebe5	2346921064	386094576	84381461788831	00000000000000000000000000000000000000007c63b08eba660b85c7199978	03d3e80c194d696e656420627920416e74506f6f6c209300c6035e548732fabe6d6ddb31d48f942ec4938c46e729f22432f97adfae6f744a8588ef6a6e45dc328ff8100000000000000000006d4d3a00000000000000	5703	5670	8490	12286	23052617187	15558903	23365117187	15769819	16791732	11333.2441	10685.366	7.2116	4206.435	2.8388	4722.1732220456	312500000	210915.625	329291732	222248.875	AntPool
846036	0000000000000000000314f5945e6403a8207fc8d996278f6c5c53ab20847c1a	2024-06-01 08:18:06	2024-06-01 07:48:21	1609631	794449	3992978	744022016	2c58e000	101100010110001110000000000000	a2454cbb2df18c4894eb4aa306bfbc377de658067412556f2ab3e7ef28e30dfd	3221593967	386094576	84381461788831	00000000000000000000000000000000000000007c63fd4d9e3327f239d8008e	03d4e80c043ed95a662f466f756e6472792055534120506f6f6c202364726f70676f6c642f17005dfa5809000000000000	5491	5428	8454	11917	44345530125	29930128	44658030125	30141044	18988667	12816.0215	11799.399	7.9635	4757.007	3.2106	2063.8752716557	312500000	210915.625	331488667	223731.6406	Foundry USA Pool
846037	000000000000000000004dc3421a066b160c4c2d74d59b933badc92d157f8192	2024-06-01 08:24:10	2024-06-01 07:52:12	1493456	833261	3993239	788594688	2f010000	101111000000010000000000000000	8dfb59dc07f147689b9b3c91e918484f23b7dd44fc807480c5f91f583d7f80cb	424629345	386094576	84381461788831	00000000000000000000000000000000000000007c644a0c8200445eac9667a4	03d5e80c04aada5a662f466f756e6472792055534120506f6f6c202364726f70676f6c642f480054a77679000000000000	6032	5974	7702	13112	96361349587	65037164	96673849587	65248080	20883444	14094.8633	13986.484	9.4396	5231.341	3.5306	9921.1116207432	312500000	210915.625	333383444	225010.4844	Foundry USA Pool
846038	00000000000000000002ab2020a6dc4e5b35e8b7bef5488c0f051b251f75f2d6	2024-06-01 08:41:58	2024-06-01 07:54:49	1634375	786272	3993191	709206016	2a45a000	101010010001011010000000000000	7f693e378c6411ba9f51b5023e302afd257c5ebc465c3ab7c4266618e54830b5	1073367076	386094576	84381461788831	00000000000000000000000000000000000000007c6496cb65cd60cb1f54ceba	03d6e80c04d7de5a662f466f756e6472792055534120506f6f6c202364726f70676f6c642f3800bbb5e17d010000000000	3251	3106	9345	8808	219531922309	148168688	219844422309	148379600	31028958	20942.375	18989.164	12.8162	7772.904	5.2462	6702.3119117321	312500000	210915.625	343528958	231858	Foundry USA Pool
846039	0000000000000000000139a47cd0f661157d803aaeb6838a7f523d33f69284c9	2024-06-01 08:51:34	2024-06-01 08:14:07	1646502	782310	3993432	1040187392	3e000000	111110000000000000000000000000	bcf9972154f08b93661f67c7e8b957c490b97d338b66d5a362388935f725a5a6	3154526057	386094576	84381461788831	00000000000000000000000000000000000000007c64e38a499a7d37921335d0	03d7e80c1c2f5669614254432f4d696e656420627920676f6d696e696e6731352f2cfabe6d6d1f3dca574de5dbe411f2c370d84ab080cd464e61e8c04fc9a7b8286e1437a4541000000000000000108188e00543415189f50d169fdcce1d0000000000	5554	5459	8265	12796	202978038535	136995968	203290538535	137206880	26678345	18006.0156	16207.001	10.9386	6683.066	4.5106	7748.655819972	312500000	210915.625	339178345	228921.6406	ViaBTC
846040	000000000000000000025b5ba6d7904eaa6e3467601448fadbfa591e022a113f	2024-06-01 09:04:12	2024-06-01 08:14:10	1540806	817630	3993696	628482048	2575e000	100101011101011110000000000000	764a7157f33e711e3a8e828a3d17f42c725478d35137aa0996f67e784bc715a2	2994428117	386094576	84381461788831	00000000000000000000000000000000000000007c6530492d6799a404d19ce6	03d8e80c194d696e656420627920416e74506f6f6c209300e0037039feccfabe6d6d0a7225fe33ea3c22d6e2be868991aec6b6fa858af70218e6b02cffcc6ae9994c1000000000000000000010d55913010000000000	4521	4396	7919	11400	314971894808	212583984	315284394808	212794896	27079981	18277.0918	17580.625	11.8659	6783.7256	4.5787	16238.705223431	312500000	210915.625	339579981	229192.7188	AntPool
846041	00000000000000000002a73f7eff3cbc56cb152644d4df5db7809526adc27e5e	2024-06-01 09:08:18	2024-06-01 08:18:06	1671405	773898	3993099	893313024	353ee000	110101001111101110000000000000	7917d0bf92122ef397faa084746b0e8b6b4ff9cfa5993d6a4ec38a771fa29c0c	2248997888	386094576	84381461788831	00000000000000000000000000000000000000007c657d081134b610779003fc	03d9e80c182f5669614254432f4d696e6564206279206b6f6e7475692f2cfabe6d6d150880d9588e1c5d15835f652bba9c8e0c2a1926af0e624bb320a3fefbebbe20100000000000000010b2886f07eb1a4aeca5fd22834854000000000000	6088	6038	7853	11762	81666550211	55119204	81979050211	55330120	21449857	14477.1523	12836.485	8.6634	5373.729	3.6271	12941.905765781	312500000	210915.625	333949857	225392.7812	ViaBTC
846042	000000000000000000028ccc6bb7617367c94623252ed9f466854b3a73755129	2024-06-01 09:12:25	2024-06-01 08:24:10	1622449	790273	3993268	537591808	200b0000	100000000010110000000000000000	484513a941bc54ab0431bcb5413db9af90e2a799fcec62361d2d1da15a680b59	1424623134	386094576	84381461788831	00000000000000000000000000000000000000007c65c9c6f501d27cea4e6b12	03dae80c040ee65a66537069646572506f6f6c2f3130393130352fcc20fb85a103d2629e58000000000000	6061	6012	7868	13128	81531237929	55027880	81843737929	55238796	21486300	14501.748	13245.985	8.9401	5382.372	3.6325	2167.7119786178	312500000	210915.625	333986300	225417.375	SpiderPool
846043	00000000000000000001c323ec3537a1dbf84eb260cd68f9a6159d7a8e344488	2024-06-01 09:22:32	2024-06-01 08:41:58	1477422	838735	3993627	679813120	28852000	101000100001010010000000000000	eb86e5f31ce51d9845c611656f73243b18fb8dd4241f922b3313bf951174d1c0	2671022404	386094576	84381461788831	00000000000000000000000000000000000000007c661685d8ceeee95d0cd228	03dbe80c194d696e656420627920416e74506f6f6c2023002d0376c87aa7fabe6d6d1a4bae6d6721a44e68da0106d8bf0dcbc82b546f42cf9c478d063c2b6dc0decf10000000000000000000b404480000000009d300	4430	4323	7463	12888	390301746807	263426352	390614246807	263637280	23721826	16010.5723	16061.393	10.8401	5942.587	4.0111	8606.450874268	312500000	210915.625	336221826	226926.2031	AntPool
846044	0000000000000000000231cbfb16e918ec1c0378400e89e08ef555c49b5149e1	2024-06-01 10:09:30	2024-06-01 08:51:34	1544814	816125	3993189	541024256	203f6000	100000001111110110000000000000	a6054a5bd9bd0dd756bd2e6f35376f9a969a44e416ac71b1e12d06342cae3745	2839972189	386094576	84381461788831	00000000000000000000000000000000000000007c666344bc9c0b55cfcb393e	03dce80c045af35a662f466f756e6472792055534120506f6f6c202364726f70676f6c642f170fe22ac955020000000000	3683	3385	7133	12314	1099773026929	742269824	1100085526929	742480704	52521806	35448.543	34006.273	22.9517	13156.973	8.8801	34624.961505322	312500000	210915.625	365021806	246364.1719	Foundry USA Pool
846045	000000000000000000001dcd4223fbfadca728d98a3fcf5a908c5c07e8075173	2024-06-01 10:24:32	2024-06-01 09:04:12	1567337	808633	3993236	536911872	2000a000	100000000000001010000000000000	c5f30a15da769a31dea400b12162ac03e5874542d5b334b660ee2d965a2ed403	3800967054	386094576	84381461788831	00000000000000000000000000000000000000007c66b003a06927c24289a054	03dde80c04e0f65a662f466f756e6472792055534120506f6f6c202364726f70676f6c642f4c0022c6ec117a0000000000	3977	3757	8102	10793	418130338425	282208704	418442838425	282419616	31691249	21389.375	20224.193	13.6498	7938.7217	5.3583	30238.402214647	312500000	210915.625	344191249	232305	Foundry USA Pool
846046	00000000000000000000a7745720a0a7c13ff3266c4464a0931d6ca4692cb49b	2024-06-01 10:55:10	2024-06-01 09:08:18	1540053	817722	3993219	637329408	25fce000	100101111111001110000000000000	20006d78e2ab468dbfb4567b41c246efca85a4ea23acf2024e0eda1e729dbac4	2778519625	386094576	84381461788831	00000000000000000000000000000000000000007c66fcc28436442eb548076a	03dee80c040efe5a662f466f756e6472792055534120506f6f6c202364726f70676f6c642f140feff06f0b000000000000	4128	3905	7506	11763	609166074673	411144448	609478574673	411355360	39242866	26486.1875	25487.13	17.2019	9830.459	6.6346	34217.110961032	312500000	210915.625	351742866	237401.8125	Foundry USA Pool
846047	00000000000000000003481ebcfb7f5a910bd054975863e5268469abf280d20d	2024-06-01 10:56:44	2024-06-01 09:12:25	1478189	838357	3993260	612589568	24836000	100100100000110110000000000000	8b7ce207ec4896714ea28bad23951503bcfd12a726a4a46a5c41d1f8823cfa6e	772286892	386094576	84381461788831	00000000000000000000000000000000000000007c6749816803609b28066e80	03dfe80c0480fe5a66537069646572506f6f6c2f383939382f090030025800000000000000	3735	3648	7071	12469	60906254915	41107460	61218754915	41318376	20047568	13530.7051	13565.406	9.1554	5021.946	3.3895	10719.123533203	312500000	210915.625	332547568	224446.3281	SpiderPool
846048	00000000000000000001d4ae9513f4fa569dca4b678cefd0c41472948f1ac9b7	2024-06-01 11:06:39	2024-06-01 09:22:32	1474460	839722	3993626	743514112	2c512000	101100010100010010000000000000	183580ca5f68518ef35a09397935d1d97c7e4cefdc1a51c67ac6f7e67431a044	2806168162	386094576	84381461788831	00000000000000000000000000000000000000007c6796404bd07d079ac4d596	03e0e80c1462696e616e63652f31303039f30064009c046589fabe6d6dd618d298076800c7acbb51b7a7d9402f6c96963a1087f58f8b2bd6b9057a89011000000000000000f42100008cc5000000000000	4161	4051	7171	11525	275616807276	186022048	275929307276	186232960	27024597	18239.7109	18334.314	12.3742	6769.936	4.5693	7654.2464779557	312500000	210915.625	339524597	229155.3438	Binance
846049	000000000000000000025fada5dd4216354d4f38fd88524df4a32bc0d8846030	2024-06-01 11:08:23	2024-06-01 10:09:30	1591859	800513	3993398	559013888	2151e000	100001010100011110000000000000	96a3a00e761d0a30a95fff1bbd41cd1076a11e8979b1dfa7912074e8b8c2b05f	557022570	386094576	84381461788831	00000000000000000000000000000000000000007c67e2ff2f9d99740d833cac	03e1e80c194d696e656420627920416e74506f6f6c2093008c029ca39f80fabe6d6d20bfed4f7ee63b87e9db304d9df91987b4ca91a38177b1d0a081df52193c69a710000000000000000000b386da1e000000000000	5963	5916	8599	12574	40865980984	27581676	41178480984	27792592	17452195	11779.0098	10966.678	7.402	4372.2236	2.9508	5576.67540533	312500000	210915.625	329952195	222694.6406	AntPool
846050	0000000000000000000028e67320af6ad8d2ae6f1c7b95f98eb6f9177920e526	2024-06-01 11:14:18	2024-06-01 10:24:32	1592246	800348	3993290	536870912	20000000	100000000000000000000000000000	45b166e6fca579ff9e4cc227764ed1215170980c421010706878436d4c5b9d20	475962900	386094576	84381461788831	00000000000000000000000000000000000000007c682fbe136ab5e08041a3c2	03e2e80c082f5669614254432f2cfabe6d6d44cdfc3179ccbfc42f06e07890b879c059f374ac2391f0a683cfe4ac5e154ffa1000000000000000100f8ac90068518a412af9b055b30f010000000000	5113	5037	8409	12153	123050804450	83050680	123363304450	83261592	20470622	13816.2373	12859.529	8.6796	5128.078	3.461	3187.1195695041	312500000	210915.625	332970622	224731.8594	ViaBTC
846051	000000000000000000002dd76fd85a3eff852942edc31ef15b3fe50b8488b949	2024-06-01 11:21:02	2024-06-01 10:55:10	1497198	831992	3993174	661372928	276bc000	100111011010111100000000000000	3e4fda0c3b827df04521736d466b3ee74da5e028fdd3f6e7049d1f0eb7e0fa58	4178395148	386094576	84381461788831	00000000000000000000000000000000000000007c687c7cf737d24cf3000ad8	03e3e80c041f045b662f466f756e6472792055534120506f6f6c202364726f70676f6c642f3200a9ec4760288c00000000	6186	6095	7850	13616	239436026443	161602560	239748526443	161813472	21157537	14279.8564	14134.632	9.5401	5300.088	3.5771	4881.3297945487	312500000	210915.625	333657537	225195.4844	Foundry USA Pool
846052	0000000000000000000014651b2164d080c4ebb9c2a28f15e667e771eaba3265	2024-06-01 11:31:59	2024-06-01 10:56:44	1551361	813923	3993130	747143168	2c888000	101100100010001000000000000000	a644acd70da17635152296abfa1a550b458c2e1b8a22be005d68dfd363ab1fd3	1713870099	386094576	84381461788831	00000000000000000000000000000000000000007c68c93bdb04eeb965be71ee	03e4e80c04b0065b662f4d41524120506f6f6c202876303331393234292faa3d074d508f127db81a22bb2d765c7012be5010f7004ae50000ffffffff	5425	5305	8119	12286	735514602809	496420864	735827102809	496631776	23784099	16052.6016	15334.192	10.3494	5957.9497	4.0212	4485.1415316951	312500000	210915.625	336284099	226968.2344	MaraPool
846053	00000000000000000002be2afe9446dd711bc14deb8db38be9ae0e1b75bc9d0d	2024-06-01 11:49:18	2024-06-01 11:06:39	1637810	785073	3993029	831643648	3191e000	110001100100011110000000000000	d2b50e97e7af9f028beb8fa4cad2bb20bd242344d2dd4a392a37fa571ea5fd43	18105725	386094576	84381461788831	00000000000000000000000000000000000000007c6915fabed20b25d87cd904	03e5e80c122f5669614254432f5472757374706f6f6c2f2cfabe6d6daa61860fdaf103ca8b852e6e5f27b611abc36c3512199850341620cb774f2883100000000000000010788a2c01b3ba4354b44767884c02000000000000	4207	4045	6852	11261	908063718836	612879424	908376218836	613090368	28177117	19017.582	17208.262	11.6142	7059.158	4.7643	9376.3563011907	312500000	210915.625	340677117	229933.2031	ViaBTC
846054	00000000000000000003077380907f3901c7349b50bbd21c42a7aff50e736e7d	2024-06-01 11:51:26	2024-06-01 11:08:23	1685450	769202	3993056	731275264	2b966000	101011100101100110000000000000	b6822b4474f2a5ef01661fd9c37c62d1c2d91598bb27b87fc8684fc29fcfec6a	1456969244	386094576	84381461788831	00000000000000000000000000000000000000007c6962b9a29f27924b3b401a	03e6e80c043e0b5b662f466f756e6472792055534120506f6f6c202364726f70676f6c642f1f01822500001e295c000000	3946	3913	9895	9314	103835316671	70081568	104147816671	70292488	18081306	12203.6162	10730.045	7.242	4529.608	3.0574	4369.9002235763	312500000	210915.625	330581306	223119.2344	Foundry USA Pool
846055	000000000000000000031d1a1542824cdff964b6a41cae6f12ab898d7f1bc79f	2024-06-01 11:54:59	2024-06-01 11:14:18	1468411	841674	3993433	536928256	2000e000	100000000000001110000000000000	5f0135c60e24c51fe1d9289b9e84fbadc8524ed963276c04a3d29d6d397ee961	2354787640	386094576	84381461788831	00000000000000000000000000000000000000007c69af78866c43febdf9a730	03e7e80c1d506f7765726564206279204c75786f722054656368f3003006ad4cb988fabe6d6d2583d8d6ca38f23524c77066c785b1fd15e1857e65b028e472f1d5812f52f8c610000000000000000000a22a008b840900000000	6855	6810	7635	14583	32879502376	22191362	33192002376	22402278	18790499	12682.2715	12800.66	8.6398	4707.481	3.1769	5969.4850105275	312500000	210915.625	331290499	223597.8906	Unknown
846056	000000000000000000023d4caeb9a2b87610149dd50284f99fee67a7872fec91	2024-06-01 12:30:40	2024-06-01 11:21:02	1599240	798041	3993363	852213760	32cbc000	110010110010111100000000000000	6b5605747d3a62c5ce9825f9667f929b61dead87ce53eaa09289f7269785fd82	2658417781	386094576	84381461788831	00000000000000000000000000000000000000007c69fc376a39606b30b80e46	03e8e80c082f5669614254432f2cfabe6d6da7b96324803b11c2d38f985fae693c4b658bcfc91494d49a9ce55124d14977b3100000000000000010ec8ac80091d198918ec7b4c40e05000000000000	3522	3250	7930	10814	514283946365	347105664	514596446365	347316576	43265116	29200.9238	27060.012	18.2636	10838.109	7.3149	21575.442975283	312500000	210915.625	355765116	240116.5469	ViaBTC
846057	0000000000000000000233525aa78457eef2c79a71fd06a47f27915f018c8b31	2024-06-01 12:41:20	2024-06-01 11:31:59	1509399	829537	3998010	865722368	3399e000	110011100110011110000000000000	569f375b16665190d700c2304a25c5df6f98bacb98043bff6b9ead8f9900a88e	270582568	386094576	84381461788831	00000000000000000000000000000000000000007c6a48f64e067cd7a376755c	03e9e80c2cfabe6d6d64485352e8e752777ca99a55e46725c8b8ee3cf3c930d27dda40caca209ee1cf10000000f09f909f092f4632506f6f6c2f620000000000000000000000000000000000000000000000000000000000000000000000050043010000	4588	4429	7672	11706	323835524246	218566304	324148024246	218777232	26845761	18119.0098	17792.105	12.0084	6718.236	4.5342	16637.184966924	312500000	210915.625	339345761	229034.6406	F2Pool
846058	00000000000000000000fa83f8be3d10376534f7500bc931cdb4380a8f0a11db	2024-06-01 13:21:12	2024-06-01 11:49:18	1409173	861349	3993220	684662784	28cf2000	101000110011110010000000000000	4a46a3a9b4d74ac36585535cd18744f2939bf8a09963bc93f09e5d8d4d747987	3273061893	386094576	84381461788831	00000000000000000000000000000000000000007c6a95b531d399441634dc72	03eae80c0448205b662f466f756e6472792055534120506f6f6c202364726f70676f6c642f1e0122d2000017c69a050000	6647	6623	6994	16283	91198145430	61552364	91510645430	61763280	93242050	62931.8555	66183.89	44.6696	23357.414	15.7643	2622.0415876103	312500000	210915.625	405742050	273847.4688	Foundry USA Pool
846059	00000000000000000002475071f4e43523c5278a7fa3ff6e1e2edc1fa0b67676	2024-06-01 13:24:24	2024-06-01 11:51:26	1475315	840780	3997655	536870912	20000000	100000000000000000000000000000	90b106abe9d1dd015a3f05f81056fbfb1af1d98541c6a100b54285e61e0c91ff	1036432315	386094576	84381461788831	00000000000000000000000000000000000000007c6ae27415a0b5b088f34388	03ebe80c2cfabe6d6daff61c7b544439348cebf5e08fa5e52bf2a6af64ff0e8735dea7219d5bac574210000000f09f909f092f4632506f6f6c2f6b0000000000000000000000000000000000000000000000000000000000000000000000050079240000	6780	6730	7520	14692	118045088722	79672168	118357588722	79883088	83720349	56505.375	56768.258	38.3144	20953.14	14.1418	11064.159078657	312500000	210915.625	396220349	267421	F2Pool
846060	000000000000000000030444de689471ccfded9bf42f07afc80a8e96447d4076	2024-06-01 13:31:42	2024-06-01 11:54:59	1458241	844881	3992884	537362432	20078000	100000000001111000000000000000	bcfe6c4a3b8869ca7b540dcbf5f48db41c5b00de60d63c440ab6c84306465f61	3940009812	386094576	84381461788831	00000000000000000000000000000000000000007c6b2f32f96dd21cfbb1aa9e	03ece80c04bf225b662f466f756e6472792055534120506f6f6c202364726f70676f6c642f3b01616427a7000000000000	6491	6420	7444	14676	224231636527	151340656	224544136527	151551568	68167672	46008.4062	46757.406	31.5577	17077.645	11.5265	1461.8733383169	312500000	210915.625	380667672	256924.0312	Foundry USA Pool
846061	00000000000000000002b44e1b135aa639002c7d71319668a302a0970694a7ab	2024-06-01 13:34:50	2024-06-01 12:30:40	1492893	833389	3993060	1040187392	3e000000	111110000000000000000000000000	e8e43a0d4608c766f0cf94541d2e7b879c309743b440ac8cec59ec1bdb7bc0da	1416099013	386094576	84381461788831	00000000000000000000000000000000000000007c6b7bf1dd3aee896e7011b4	03ede80c047a235b662f466f756e6472792055534120506f6f6c202364726f70676f6c642f520059f3d674120000000000	5270	5130	7542	12807	514674419211	347369216	514986919211	347580128	49090540	33132.6797	32890.316	22.1984	12297.821	8.3003	16847.577578246	312500000	210915.625	361590540	244048.2969	Foundry USA Pool
846062	000000000000000000033ef80f6c98cb0ed942f379a94eff2160d3a627cd866e	2024-06-01 13:41:58	2024-06-01 12:41:20	1507879	828453	3993238	619372544	24eae000	100100111010101110000000000000	38c60fe7af49117d2e7167b6cfa713f4f5c0ef8467aeae773e88565cc0623ae0	1384833438	386094576	84381461788831	00000000000000000000000000000000000000007c6bc8b0c1080af5e12e78ca	03eee80c04ea245b662f466f756e6472792055534120506f6f6c202364726f70676f6c642f380099840000000000000000	4820	4632	7573	12319	740191305114	499577312	740503805114	499788224	33142858	22369.1094	21984.744	14.8383	8302.349	5.6033	9270.7385470266	312500000	210915.625	345642858	233284.7344	Foundry USA Pool
846063	000000000000000000012eb6ff9454f844da67fc926fa43a396c5445083eb875	2024-06-01 13:54:27	2024-06-01 13:21:12	1509517	827852	3993073	855998464	33058000	110011000001011000000000000000	a4d2bfd1c2c45d39e7c870955c18d04e96210407264e9953cbd5ba15a2dbc265	992125223	386094576	84381461788831	00000000000000000000000000000000000000007c6c156fa4d5276253ecdfe0	03efe80c0417285b662f4d41524120506f6f6c202876303331393234292f2134751a3c36ca44d82e1dc4114a59541321ccf06100d1010000ffffffff	5409	5277	7519	12984	376612263261	254186912	376924763261	254397824	33425912	22560.1504	22148.012	14.9483	8373.356	5.6512	16134.730357516	312500000	210915.625	345925912	233475.7812	MaraPool
846064	000000000000000000033ea875d8d626667c1067b437e850bafc7134d8e05b0d	2024-06-01 13:58:47	2024-06-01 13:24:24	1466956	842124	3993328	541065216	20400000	100000010000000000000000000000	d8d185f5ca629dbaabc280e33b246d3fccc77b90f768b33d3528e69d2cd9dc2a	3335270471	386094576	84381461788831	00000000000000000000000000000000000000007c6c622e88a243cec6ab46f6	03f0e80c082f5669614254432f2cfabe6d6dea84a3f0476d95bfe13e9b6674b012aedd2cba0167d28d0a43e1525392a9967b100000000000000010f35ae0058406fab5695464d36324010000000000	5751	5677	7278	14722	47802759938	32263516	48115259938	32474432	24887087	16797.041	16969.541	11.4536	6234.384	4.2075	4275.806048104	312500000	210915.625	337387087	227712.6719	ViaBTC
846065	00000000000000000000a3ccdfa434865699912a1672897fbfb95eab87fc14aa	2024-06-01 14:00:34	2024-06-01 13:31:42	1415436	859356	3993504	973078528	3a000000	111010000000000000000000000000	d24e4c4ca0e9c9815377eeb7f03867ed4aa09439dc3289124cc9fcf7030e78c1	23266822	386094576	84381461788831	00000000000000000000000000000000000000007c6caeed6c6f603b3969ae0c	03f1e80c1b4d696e656420627920416e74506f6f6c3830366c000501da369c3efabe6d6db4d8e2dd286da1c0ec47f792e9ddeee1102b84e595dab76e4eb8da7a43c86cd01000000000000000150d00008009110000000000	4279	4177	6889	12222	98267719951	66323832	98580219951	66534748	20507402	13841.0605	14493.283	9.7818	5137.506	3.4678	8331.7016855297	312500000	210915.625	333007402	224756.6875	AntPool
846066	00000000000000000000083b2d8af4fb86609b7a972017647016107ca3460943	2024-06-01 14:01:27	2024-06-01 13:34:50	1578846	804816	3993294	536993792	2001e000	100000000000011110000000000000	91834805f588b79b32ed8fdcbb6024bd6f3d37a229a3b286cd4ca0b832ea0ca1	366610780	386094576	84381461788831	00000000000000000000000000000000000000007c6cfbac503c7ca7ac281522	03f2e80c1a2f5669614254432f4d696e656420627920766164696d3030312f2cfabe6d6d4f9a875577dd5bf7a0ca145028cc166bee28cb538434921e25c93ed47e53802e100000000000000010f38b3001656d054167b566dcf438020000000000	4570	4521	7135	12787	31287610451	21116946	31600110451	21327862	17994003	12144.6924	11399.821	7.6942	4507.7393	3.0426	17135.060891648	312500000	210915.625	330494003	223060.3125	ViaBTC
846067	000000000000000000026072e247cb9610291369045de59c721532d3cafadd43	2024-06-01 14:21:16	2024-06-01 13:41:58	1505030	831000	3998030	1073676288	3fff0000	111111111111110000000000000000	2152b01e39c7b3fcf319a203d5087d107973c89e7974136cce111f0c2ee1524c	692957342	386094576	84381461788831	00000000000000000000000000000000000000007c6d486b340999141ee67c38	03f3e80c2cfabe6d6df9be65e513a1ea2639b3fae9fb2f3e7341e517a9151bc1b2d342efdea461714e10000000f09f909f092f4632506f6f6c2f6c000000000000000000000000000000000000000000000000000000000000000000000005006a5b0000	5397	5224	7276	13412	1481552347366	999944128	1481864847366	1000155072	38624819	26069.0488	25673.049	17.3275	9665.934	6.5239	18251.113468816	312500000	210915.625	351124819	236984.6719	F2Pool
846068	000000000000000000010dc1e1d0943a6fbf26e99f17ff56f253aec08b0f3eda	2024-06-01 14:22:18	2024-06-01 13:54:27	1469989	841010	3993019	671080448	27ffe000	100111111111111110000000000000	fcf2eeda1075e01f49ed32c106089b84408bdd350be39e76af3c17cd69c0122e	174244584	386094576	84381461788831	00000000000000000000000000000000000000007c6d952a17d6b58091a4e34e	03f4e80c1a2f706f6f6c696e2e636f6d2f66702f3931386c014e03e1fd05a2fabe6d6d53b9187317598891e9504c1ee9fe5b9f8d9fd2158b2e2d9949ba1f8288e79310100000000000000000007465d161040000000000	5350	5291	7734	12588	117354802993	79206280	117667302993	79417192	19727928	13314.9707	13424.003	9.0603	4942.392	3.3355	12212.933679398	312500000	210915.625	332227928	224230.5938	Poolin
846069	00000000000000000002a6136c8bf88a57ebc6c8c6cdc24432b689dd5faa24d0	2024-06-01 14:29:54	2024-06-01 13:58:47	1476703	838848	3993247	770859008	2df26000	101101111100100110000000000000	062b2e99265393d16c248cbadc16f0fa6d99221bfd75697dec1e4272e48e160f	4248278046	386094576	84381461788831	00000000000000000000000000000000000000007c6de1e8fba3d1ed04634a64	03f5e80c0462305b662f466f756e6472792055534120506f6f6c202364726f70676f6c642f3a0107082fa4000000000000	5872	5789	7586	13452	142528218824	96196568	142840718824	96407488	28045876	18929.0039	18996.6	12.8216	7025.529	4.7421	4772.5184735924	312500000	210915.625	340545876	229844.625	Foundry USA Pool
846070	00000000000000000000759e79dae65d0ed1b33dc961e47aabcbccf53dd6ee51	2024-06-01 14:44:42	2024-06-01 14:00:34	1504448	829675	3993473	1040187392	3e000000	111110000000000000000000000000	9e92e2049cdcc3df428d6d683cb4b25847a978050ea00f1b0b3632f16f4b36bd	732569307	386094576	84381461788831	00000000000000000000000000000000000000007c6e2ea7df70ee597721b17a	03f6e80c1a2f5669614254432f4d696e656420627920766f76616e3731312f2cfabe6d6dd1a6982af9541c7223e923a49ee8853484d37ec5555a4720730aa64b36bb41011000000000000000106d8ca60623cc588b137196a662952e0000000000	5899	5815	7404	14080	193314643653	130473856	193627143653	130684768	35138749	23716.1953	23362.785	15.7684	8802.334	5.9407	8526.9192623012	312500000	210915.625	347638749	234631.8281	ViaBTC
846071	00000000000000000000296106577492c252c4d1c68ef0433e7cbad2941f7670	2024-06-01 15:04:01	2024-06-01 14:01:27	1470571	841058	3993745	537231360	20058000	100000000001011000000000000000	bbc167f9572459563854c7b0146d9dda052e5d6c624835c4e4b9729d5300f2d2	4052357917	386094576	84381461788831	00000000000000000000000000000000000000007c6e7b66c33e0ac5e9e01890	03f7e80c1362696e616e63652f3832326c011405f0e764b6fabe6d6d7671fcd812f342042a1c3a4bfe21f3fd2ff9554abb87bc092c3160d7817bdd7e100000000000000000000aade271010000000000	6179	6119	7135	15159	1375337024093	928256192	1375649524093	928467136	43881355	29616.8438	29849.191	20.146	10992.387	7.4188	8107.6814390636	312500000	210915.625	356381355	240532.4688	Binance
846072	000000000000000000015d9cfd7d8317f6c473d3b10db724421f2f261ed078b8	2024-06-01 15:10:53	2024-06-01 14:21:16	1459076	844790	3993446	543170560	20602000	100000011000000010000000000000	2fa33d115ec7cd21525b6e31b0515a1e1ccfc587f24e78a4b90184942e56f309	3968924490	386094576	84381461788831	00000000000000000000000000000000000000007c6ec825a70b27325c9e7fa6	03f8e80c182f5669614254432f4d696e656420627920746172617a332f2cfabe6d6de4903effe9283df369ebbe1bc2938d9dd3678b4377c8ccdd2eddb3d3a7641bd2100000000000000010b88cc90068518a412affba82bf97000000000000	6399	6331	7569	14290	89224517806	60220304	89537017806	60431220	37943299	25609.0703	26012.115	17.5563	9504.925	6.4152	3168.6645959575	312500000	210915.625	350443299	236524.7031	ViaBTC
846073	00000000000000000000195ce6865b41337a8175bffaa2052017d92b8cea05da	2024-06-01 15:32:03	2024-06-01 14:22:18	1453618	848141	3998041	1073733632	3fffe000	111111111111111110000000000000	74b73f60f614d9a2561a8de887ea237f145eea006729912bba91dc2ccd46bace	99965610	386094576	84381461788831	00000000000000000000000000000000000000007c6f14e48ad8439ecf5ce6bc	03f9e80c2cfabe6d6ddf6419225d40926ae9a251e8e67139d77e0655529ee67c87b4847e7238bb2b3310000000f09f909f092f4632506f6f6c2f6700000000000000000000000000000000000000000000000000000000000000000000000500a4300000	5463	5371	6989	14938	442923752630	298942528	443236252630	299153440	47582561	32114.8984	32746.07	22.1013	11907.593	8.0371	17716.336928643	312500000	210915.625	360082561	243030.5156	F2Pool
846074	000000000000000000021b9f71568bdaa6fba1150eb7f6b9a8aa97975f25ec74	2024-06-01 15:54:20	2024-06-01 14:29:54	1494432	833111	3993765	536870912	20000000	100000000000000000000000000000	677040c4a81f9188565c81875c96e001e9fb33c3ce16ac60d94da375b01c3521	4002839940	386094576	84381461788831	00000000000000000000000000000000000000007c6f61a36ea5600b421b4dd2	03fae80c194d696e656420627920416e74506f6f6c20b900870002e6e7f0fabe6d6d42cc936ccd461138abff6a8a6df53f6f1e9c9ef41c9ef0dc967c8f9ad8aa99a6100000000000000000000c80f1ef020000000000	5075	4958	7094	14452	448691494905	302835360	449003994905	303046272	56175063	37914.2344	37601.527	25.3787	14072.005	9.4976	115787.81945335	312500000	210915.625	368675063	248829.8594	AntPool
846075	00000000000000000001eb79ceb233359dc60bea968cd59700ac4a0fcf549855	2024-06-01 15:57:34	2024-06-01 14:44:42	1504873	829607	3993694	536944640	20012000	100000000000010010000000000000	e656abac92fa262773ccf6fa216cbb37f9c9dba357d0670b8dacef6e2a702156	2938388059	386094576	84381461788831	00000000000000000000000000000000000000007c6fae6252727c77b4d9b4e8	03fbe80c194d696e656420627920416e74506f6f6c20b9009a02040eccdbfabe6d6d46d356037204924668a5a0ed2c3387ce0b096203af74c4d6db86ca69a43d1ded10000000000000001f98000073fd080000000000	4863	4692	7847	11743	134517829405	90790120	134830329405	91001032	40451175	27301.7109	26888.613	18.1482	10133.309	6.8391	27126.625983712	312500000	210915.625	352951175	238217.3438	AntPool
846076	00000000000000000000e257705e31c398e0eccc092541594adf06bfd6d8b4fe	2024-06-01 16:01:23	2024-06-01 15:04:01	1530439	820874	3993061	538017792	20118000	100000000100011000000000000000	b4f7f83a145760627503685bcb8c1a8f3989a9096a3264db840d064944400fb5	106366598	386094576	84381461788831	00000000000000000000000000000000000000007c6ffb21363f98e427981bfe	03fce80c182f5669614254432f4d696e6564206279206d61696e31362f2cfabe6d6deab2f2b74bbf84f6dd0cefc9acd51456b1bd8025190b5b667d2b8216798db8b2100000000000000010588ded03547cc08a938f889bca76000000000000	5328	5170	7867	12641	162015028703	109348800	162327528703	109559720	32164455	21708.7559	21021.957	14.1884	8058.082	5.4386	25741.916845835	312500000	210915.625	344664455	232624.375	ViaBTC
846077	000000000000000000012eb3d5e374107b7c82c58995891bb80ec47534032d16	2024-06-01 16:04:18	2024-06-01 15:10:53	1547143	815316	3993091	768081920	2dc80000	101101110010000000000000000000	6bcd7e32a288a7c1bc3fc9d8f2d354ed03a41188a5d465de451d129083d58325	84002476	386094576	84381461788831	00000000000000000000000000000000000000007c7047e01a0cb5509a568314	03fde80c0483465b662f4d41524120506f6f6c202876303331393234292f6ffead5c76d2571ade6aa17dc7be6bde1224a5d6ec0041360000ffffffff	5540	5414	7908	12640	98483020979	66469144	98795520979	66680060	28492749	19230.6113	18420.066	12.4322	7137.5425	4.8177	8775.26875165	312500000	210915.625	340992749	230146.2344	MaraPool
846078	000000000000000000023ac98758293c25c4bf2e4611659b712bb748f19e8926	2024-06-01 16:04:36	2024-06-01 15:32:03	1460422	844149	3992869	834740224	31c12000	110001110000010010000000000000	fa50d0a350df86f404927c0e2e20bceaceff5a469cfd01e342e951397d8568af	1463692734	386094576	84381461788831	00000000000000000000000000000000000000007c70949efdd9d1bd0d14ea2a	03fee80c0494465b662f466f756e6472792055534120506f6f6c202364726f70676f6c642f3801a9fd2d00000000000000	4298	4175	7695	11118	54837924945	37011760	55150424945	37222676	21616908	14589.8994	14805.27	9.9923	5415.5767	3.6554	6626.3074745582	312500000	210915.625	334116908	225505.5312	Foundry USA Pool
846079	0000000000000000000213ab56244fcaadaa8c3c40fa6b6abd3628c5aaefd3c2	2024-06-01 16:07:31	2024-06-01 15:54:20	1553305	813220	3992965	621019136	25040000	100101000001000000000000000000	13ca0dda8a3a376c06ec35afe975e13d09bc2ba0d85802240f57b612d8f3d357	2207319625	386094576	84381461788831	00000000000000000000000000000000000000007c70e15de1a6ee297fd35140	03ffe80c0444475b662f466f756e6472792055534120506f6f6c202364726f70676f6c642f0c0049679b36000000000000	6327	6268	7704	13402	63660184171	42966168	63972684171	43177084	24018058	16210.5078	15465.937	10.4385	6016.98	4.0611	3338.4052201813	312500000	210915.625	336518058	227126.1406	Foundry USA Pool
846080	000000000000000000030e06b85043be22e39ba943f97eb95db11e158ac6846a	2024-06-01 16:11:53	2024-06-01 15:57:34	1457564	845251	3993317	805306368	30000000	110000000000000000000000000000	91cfbd93c6a1c2bc646787195919fc033602e1f1211a4f2c807074b4916031ee	416275972	386094576	84381461788831	00000000000000000000000000000000000000007c712e1cc5740a95f291b856	0300e90c1b2f5669614254432f4d696e6564206279206e617a6274353633362f2cfabe6d6dc4a723c98f987e31a09b33855df66beeb42e44debea6e526df2c8ead4b4cfa44100000000000000010818d1405e5ced7ff751b2e3ed71e110000000000	6355	6286	7413	14139	625708143991	422309184	626020643991	422520128	24113693	16275.0547	16548.385	11.1687	6040.775	4.0773	10239.759224966	312500000	210915.625	336613693	227190.6875	ViaBTC
846081	000000000000000000024d56386e15a49a7d32cb240d48ded208da6847514292	2024-06-01 16:29:39	2024-06-01 16:01:23	1459523	844502	3993029	714522624	2a96c000	101010100101101100000000000000	4cfb2a2871dcc26ec09554ade0628659cba6246d381b1a8ef0a8218bf336f693	4011984672	386094576	84381461788831	00000000000000000000000000000000000000007c717adba941270265501f6c	0301e90c04744c5b662f466f756e6472792055534120506f6f6c202364726f70676f6c642f55000b4e8702000000000000	5649	5564	6892	15188	348340015493	235105120	348652515493	235316048	41391717	27936.5117	28366.365	19.1451	10369.246	6.9983	43869.412635785	312500000	210915.625	353891717	238852.1406	Foundry USA Pool
846082	000000000000000000018d98ab587e6bc0d4493f3a87444655d4656082b1531a	2024-06-01 16:34:04	2024-06-01 16:04:18	1505424	829235	3993129	547356672	20a00000	100000101000000000000000000000	f9b198e4d2fe8c5718550582604a71449a28e8ed8701b5ab59c97c90770545cc	4031599985	386094576	84381461788831	00000000000000000000000000000000000000007c71c79a8d0e436ed80e8682	0302e90c04904d5b66537069646572506f6f6c2f313131302f2d26ead99a037566161f010000000000	6151	6075	7533	14086	191706250177	129388296	192018750177	129599216	34046727	22979.1582	22621.268	15.2676	8529.07	5.7565	41604.951403361	312500000	210915.625	346546727	233894.7812	SpiderPool
846083	000000000000000000005d7e43c3d253733db0ef147128bc06114160a482e219	2024-06-01 16:37:03	2024-06-01 16:04:36	1457174	845283	3993023	597065728	23968000	100011100101101000000000000000	c12151c275db27414f2bf0af9052c3a225a9084eccc5777d5c57561d713ae1ce	2673961876	386094576	84381461788831	00000000000000000000000000000000000000007c72145970db5fdb4acced98	0303e90c04304e5b662f466f756e6472792055534120506f6f6c202364726f70676f6c642f31112ae90f37000000000000	5155	5055	7422	13005	163316856222	110227448	163629356222	110438360	25558041	17249.8887	17543.55	11.841	6402.682	4.3216	28722.622115289	312500000	210915.625	338058041	228165.5156	Foundry USA Pool
846084	000000000000000000005d569b379a365a83445b26f5364b3b0759c3c341637a	2024-06-01 17:05:01	2024-06-01 16:07:31	1504498	829762	3993784	664879104	27a14000	100111101000010100000000000000	ebdc056618dfcbc5242f01461b064a8625db06cf63a0a3d4b920647c73c1e4a2	3882612777	386094576	84381461788831	00000000000000000000000000000000000000007c72611854a87c47bd8b54ae	0304e90c1b4d696e656420627920416e74506f6f6c3832396c00f5021c2e22fcfabe6d6d3dda1e89c1414cb572edf532c9675e0474c291d628c7d8e76cbcfa79d4e89ec8100000000000000000008b4f1c2a000000000000	4152	3949	6898	13614	532925317246	359687296	533237817246	359898208	41199337	27806.668	27392.793	18.4884	10320.517	6.966	79573.270615269	312500000	210915.625	353699337	238722.2969	AntPool
846085	00000000000000000002f72958bb5363d9ee44aed3f39b8f91a6503fc2fabec9	2024-06-01 17:24:04	2024-06-01 16:11:53	1646350	782195	3992935	789012480	2f076000	101111000001110110000000000000	7282e68ce0049a49d11c8d4c20a79ae3459b07641db4fa59b02e3fd97afa645d	1266407787	386094576	84381461788831	00000000000000000000000000000000000000007c72add7387598b43049bbc4	0305e90c0435595b662f466f756e6472792055534120506f6f6c202364726f70676f6c642f1f009d9ca59e010000000000	3607	3464	8122	11337	445933177937	300973664	446245677937	301184608	36167509	24410.5371	21972.836	14.8302	9060.717	6.1155	14250.778032184	312500000	210915.625	348667509	235326.1562	Foundry USA Pool
846086	000000000000000000034ffcb84bb743f9eb64e42e9452a5cc1055a7ee6ff240	2024-06-01 17:31:32	2024-06-01 16:29:39	1532074	820256	3992842	1006632960	3c000000	111100000000000000000000000000	20eb783b803a1d9ca1e1402fdf389f77d737c05d5876eeb65fabd7f29524351f	709817373	386094576	84381461788831	00000000000000000000000000000000000000007c72fa961c42b520a30822da	0306e90c04f45a5b662f466f756e6472792055534120506f6f6c202364726f70676f6c642f33006be25f5b360000000000	3476	3253	7878	10652	132022250088	89105776	132334750088	89316696	26286503	17741.5488	17161.271	11.5825	6585.4717	4.4444	18411.819045194	312500000	210915.625	338786503	228657.1719	Foundry USA Pool
846087	000000000000000000001bc3ae8db4522011a46c3b7b5116d803a6814a1ef46a	2024-06-01 17:35:29	2024-06-01 16:34:04	1413754	859717	3992905	828039168	315ae000	110001010110101110000000000000	f6fb4cb3f8ddf40f88bd9f543f3830c642c5ecb0b314b4a1e60ba8cdc48b368e	2468438920	386094576	84381461788831	00000000000000000000000000000000000000007c734755000fd18d15c689f0	0307e90c04e15b5b662f466f756e6472792055534120506f6f6c202364726f70676f6c642f2e0040c85b14000000000000	4770	4689	7104	12523	30964416503	20898814	31276916503	21109730	21952741	14816.5635	15531.713	10.483	5499.6616	3.7121	4392.6494428013	312500000	210915.625	334452741	225732.1875	Foundry USA Pool
846088	000000000000000000025b5030f806dbc525e7c6ce33f6b285777451473d23e5	2024-06-01 17:36:36	2024-06-01 16:37:03	1688513	768380	3993653	606511104	2426a000	100100001001101010000000000000	ac71a7791822020446622f66dc5d90efae112bd7a16d4f10f071057c830c993b	1204668754	386094576	84381461788831	00000000000000000000000000000000000000007c739413e3dcedf98884f106	0308e90c194d696e656420627920416e74506f6f6c20b9002e042778cd66fabe6d6daa1068928a8138262f51f106c92072090e5e6cadc1d8f095c5ab9a3b9e2e00351000000000000000000086fd0501000000000000	5658	5615	7767	12086	88974711758	60051704	89287211758	60262616	17533440	11833.8447	10386.875	7.0105	4392.2974	2.9643	47748.406069938	312500000	210915.625	330033440	222749.4688	AntPool
846089	00000000000000000001b6ac4de4e6c67905214630a9912f20169efbd48555fd	2024-06-01 17:40:32	2024-06-01 17:05:01	1540513	817724	3993685	555008000	2114c000	100001000101001100000000000000	0b7262d11f45f61901403c147069802410d4d816ca73a6eca94d7f91708d8956	480143363	386094576	84381461788831	00000000000000000000000000000000000000007c73e0d2c7aa0a65fb43581c	0309e90c194d696e656420627920416e74506f6f6c202300250528c212e4fabe6d6deaf67a8c5ba1b5aac58524fdde5d0e2968a25469691a73d3b67fec24abb893d610000000000000000000b8ef0000000000000000	6272	6225	7409	14359	202120219507	136416992	202432719507	136627920	19361837	13067.8848	12572.312	8.4852	4850.2896	3.2734	6180.3454269274	312500000	210915.625	331861837	223983.5156	AntPool
846090	000000000000000000003cd331d7079ec864d34ec5dbebc174fc6c26ba0be450	2024-06-01 17:58:12	2024-06-01 17:24:04	1509572	827874	3993194	766705664	2db30000	101101101100110000000000000000	56f515c68a0293a8a593f58df317b94faefb007e340242de9670f2f68daf1cd1	168931917	386094576	84381461788831	00000000000000000000000000000000000000007c742d91ab7726d26e01bf32	030ae90c0435615b662f466f756e6472792055534120506f6f6c202364726f70676f6c642f3b0044fe2a88010000000000	3550	3380	6745	11491	497536338452	335802208	497848838452	336013120	31426470	21210.668	20822.822	14.0541	7872.4766	5.313	87828.031088724	312500000	210915.625	343926470	232126.2969	Foundry USA Pool
846091	00000000000000000000fa50831c9a007b51af52df25a0f96d2e30fd1688c6d2	2024-06-01 17:59:12	2024-06-01 17:31:32	1584036	803019	3993093	868884480	33ca2000	110011110010100010000000000000	149f16af90b058342e8aa226050c15026235f6e4b734e1913de59bf1d14e7143	158216756	386094576	84381461788831	00000000000000000000000000000000000000007c747a508f44433ee0c02648	030be90c0470615b662f466f756e6472792055534120506f6f6c202364726f70676f6c642f380189163800000000000000	5702	5665	7515	11547	265954760299	179500848	266267260299	179711760	17548501	11844.0098	11080.726	7.4789	4396.0923	2.967	15148.438669183	312500000	210915.625	330048501	222759.6406	Foundry USA Pool
846092	00000000000000000002f77ae970a1784d7d17efecc477d060e9a5566044688d	2024-06-01 18:26:57	2024-06-01 17:35:29	1525934	822610	3993764	565698560	21b7e000	100001101101111110000000000000	4c169aad57689932d7455800a79c64c97477fd758a658cc001b035c146fa223e	2214735260	386094576	84381461788831	00000000000000000000000000000000000000007c74c70f73115fab537e8d5e	030ce90c1a4d696e656420627920416e74506f6f6c20b9001603397a859301fabe6d6dd1842951dd9f1d24d25b8071eedfad366dd68656a2410bf6d44b9b4e985058d410000000000000000000faf51d4b020000000000	3737	3494	6772	13362	651855805066	439957024	652168305066	440167968	37489597	25302.8535	24575.96	16.5871	9391.257	6.3383	51549.976592491	312500000	210915.625	349989597	236218.4844	AntPool
846093	000000000000000000006c6c2f5f793c9feee8dc9349da879e8babe6a3fdc5dd	2024-06-01 19:06:35	2024-06-01 17:36:36	1487791	835141	3993214	796737536	2f7d4000	101111011111010100000000000000	6d89018e5a6f39dacd7112f7ff889ea18e2ebe61cc1a586575bbae24300c9c8d	3696836641	386094576	84381461788831	00000000000000000000000000000000000000007c7513ce56de7c17c63cf474	030de90c043b715b662f466f756e6472792055534120506f6f6c202364726f70676f6c642f24005dec0000098a70050000	3177	2952	6181	14987	1750519749536	1181478272	1750832249536	1181689216	47020102	31735.2773	31611.193	21.3352	11778.694	7.95	13993.347950764	312500000	210915.625	359520102	242650.9062	Foundry USA Pool
846094	00000000000000000002db857187f2499ec1bb51c00f12c5e1ad2f3c2e272bc1	2024-06-01 19:19:29	2024-06-01 17:40:32	1608387	794861	3992970	774004736	2e226000	101110001000100110000000000000	93c8585b72f2b660d569c5d33ec0c453b212ffac74b4e4eb338241a1b4614d17	2471332906	386094576	84381461788831	00000000000000000000000000000000000000007c75608d3aab988438fb5b8a	030ee90c0f2f736c7573682f930070024c2ed0d2fabe6d6d26b0a43ef68cfe519538bb3a98f4dcefdb5092dea833f1eb810e85f58a537ed31000000000000000000038e80300010000000000	3433	3246	7933	11290	355019458655	239613280	355331958655	239824192	34179173	23068.5488	21255.572	14.3463	8562.84	5.7794	163891.10032151	312500000	210915.625	346679173	233984.1719	SlushPool
846095	0000000000000000000095d4c392814047f65a050576e3e8017779238e263c49	2024-06-01 19:22:52	2024-06-01 17:58:12	1468387	841698	3993481	664289280	27984000	100111100110000100000000000000	ff3b15a754073cb3c40607324e25db48a5632660c1ebf347ca610bfca4655af7	879306791	386094576	84381461788831	00000000000000000000000000000000000000007c75ad4c1e78b4f0abb9c2a0	030fe90c194d696e656420627920416e74506f6f6c20b90027064d7aa635fabe6d6d8ae73a0166e086a8c7ddeac5082f6ab634c43e5997f376c740d3d378c7dc9be51000000000000000000025bb9800000000000000	3632	3436	7213	11001	256715327844	173264880	257027827844	173475792	22860473	15429.2188	15573.463	10.5107	5727.0176	3.8653	9293.0262372713	312500000	210915.625	335360473	226344.8438	AntPool
846096	0000000000000000000314f6d6d734fb9569fdaeb4a1a045487b3a25cf88686a	2024-06-01 19:35:52	2024-06-01 17:59:12	1469158	842933	3997957	543162368	20600000	100000011000000000000000000000	25453242edbdd0efb7ad8a1cf4f89d6f39f71b26e7c1964ad5ac3bebe380b471	1140200229	386094576	84381461788831	00000000000000000000000000000000000000007c75fa0b0245d15d1e7829b6	0310e90c2cfabe6d6d0e439c91e9b2022c6847a146b85e2b7e11834e2928d9d4bbc6b4e258d6e81e9010000000f09f909f092f4632506f6f6c2f6c00000000000000000000000000000000000000000000000000000000000000000000000500d69c0000	5228	5104	7292	13398	703527525031	474831840	703840025031	475042752	30479069	20571.2383	20753.586	14.0075	7627.5835	5.1484	16314.414490455	312500000	210915.625	342979069	231486.8594	F2Pool
846097	000000000000000000020d1313a38a1e4692307e71bbf13029bc0621a8bdf91c	2024-06-01 19:42:34	2024-06-01 18:26:57	1455121	846194	3993703	685080576	28d58000	101000110101011000000000000000	04d1e41f887338b42e02fc04fafc3e0cae4d1c5b8dcb24bf4ae4c254fe102f43	1147748977	386094576	84381461788831	00000000000000000000000000000000000000007c7646c9e612edc9913690cc	0311e90c1362696e616e63652f3939369300fb0654861a4afabe6d6d61bd3803d27ef0dcd786836a859f3e704f2f4ef5947879af4329c8ec8c6b0538100000000000000009d6249cdb7d000000000000	6371	6307	7107	15029	321240275333	216814704	321552775333	217025616	29253916	19744.3457	20110.594	13.5735	7328.2544	4.9459	8997.9319166988	312500000	210915.625	341753916	230659.9688	Binance
846098	000000000000000000008b3a37b18c8bb213e5ec8b324f519dc986e4af6d6a4c	2024-06-01 19:43:25	2024-06-01 19:06:35	1573891	806316	3992839	536870912	20000000	100000000000000000000000000000	c8ebacbd64ce30c4cc2f24d919d3ca7ae8a795baa605ec5cfdb0a351c8b69575	49979763	386094576	84381461788831	00000000000000000000000000000000000000007c769388c9e00a3603f4f7e2	0312e90c04dc795b662f466f756e6472792055534120506f6f6c202364726f70676f6c642f490408390000a5ba06140000	4588	4527	8443	10424	39902732570	26931552	40215232570	27142466	20621490	13918.0625	13105.066	8.845	5166.2383	3.4867	6352.287695689	312500000	210915.625	333121490	224833.6875	Foundry USA Pool
846099	00000000000000000001dd0f8cb194c8b7f1fdc283145caabfaa7598e6dcef10	2024-06-01 19:56:34	2024-06-01 19:19:29	1489135	834577	3992866	575471616	224d0000	100010010011010000000000000000	79d3d106d5a3688e3b2f57aa0b7cf3006d27e36461dcf3287be3133920fb0329	1843832445	386094576	84381461788831	00000000000000000000000000000000000000007c76e047adad26a276b35ef8	0313e90c04f27c5b662f466f756e6472792055534120506f6f6c202364726f70676f6c642f2a1d7eb00f7f000000000000	5137	5054	7070	14235	258375830627	174385600	258688330627	174596512	32442616	21896.4941	21791.191	14.7074	8127.694	5.4858	22287.334262506	312500000	210915.625	344942616	232812.125	Foundry USA Pool
846100	00000000000000000001ea63ce744752784fc395986d59ee4c8b8c5e90e1bc5d	2024-06-01 20:01:37	2024-06-01 19:22:52	1475284	839356	3993352	696287232	29808000	101001100000001000000000000000	ec6c5319ae2af2b363bb536db7657c591a6098d0f73379ec90df9fabcddcf129	3022423306	386094576	84381461788831	00000000000000000000000000000000000000007c772d06917a430ee971c60e	0314e90c194d696e656420627920416e74506f6f6c209300df005b55b2c1fabe6d6d514ab827a1ff348cf43f8e43f123fcaf92a89b70b55c85357ef0a4173bcfb0cf1000000000000000de3f0000bd01000000000000	5814	5732	7593	13459	72765994694	49111952	73078494694	49322868	28108378	18971.1875	19058.996	12.8635	7041.953	4.7529	5126.9722049975	312500000	210915.625	340608378	229886.8125	AntPool
846101	0000000000000000000201a658fb4aff92b17d253c11c4b38e7ad1038e97381f	2024-06-01 20:05:54	2024-06-01 19:35:52	1565830	809173	3993349	771751936	2e000000	101110000000000000000000000000	b7d44519759a7514fddf87cd0a93da1a85a027f8cad7e4c5317660757737ae8f	1208740023	386094576	84381461788831	00000000000000000000000000000000000000007c7779c575475f7b5c302d24	0315e90c182f5669614254432f4d696e6564206279207369643131322f2cfabe6d6d8f88dfe14c0e883d5aec0a8574d2b6a8fe7fccb368acb026a4d9c89db567e3cb1000000000000000102490ca00aecfffa545c49ae49e920c0000000000	6296	6243	8128	13722	78804320689	53187400	79116820689	53398316	27263494	18400.9492	17415.955	11.7546	6829.7637	4.6098	8373.264029024	312500000	210915.625	339763494	229316.5781	ViaBTC
846102	00000000000000000002e6a90eb007b038682837a260d167af7a1563c33c0294	2024-06-01 20:16:31	2024-06-01 19:42:34	1501821	830574	3993543	677068800	285b4000	101000010110110100000000000000	2fa612442ea99ad61e1f3589659f19998159dfda7cdf97e2a6bfcfe1d84770ed	3486469132	386094576	84381461788831	00000000000000000000000000000000000000007c77c68459147be7ceee943a	0316e90c1b4d696e656420627920416e74506f6f6c393730b900280060aa20a4fabe6d6d2666365918bc9ccbcb4c6d47aab14aa0bed1405fb7730302444858a11007cff210000000000000000000764564ed000000000000	5837	5758	7189	14692	190000389410	128236960	190312889410	128447880	30559678	20625.6426	20354.88	13.7382	7655.7227	5.1673	32152.287423263	312500000	210915.625	343059678	231541.2656	AntPool
846103	0000000000000000000222b3b21d7fcd948482bd26eb0e893ce4edd8387a4fad	2024-06-01 20:31:41	2024-06-01 19:43:25	1477042	838827	3993523	574480384	223de000	100010001111011110000000000000	97055d396df59597a1eb5fbbb7b641f2bb103db886995e98bfa8dbc9e6a3fe97	3488621859	386094576	84381461788831	00000000000000000000000000000000000000007c7813433ce1985441acfb50	0317e90c1d506f7765726564206279204c75786f722054656368f3000400661643f0fabe6d6d8e762ba75928972f12e448016a6b760960b17931280e9189c14098c5fe75758a1000000000000000000063e30000000000000006	6232	6186	7106	15686	111663602078	75365112	111976102078	75576032	41301543	27875.6504	27971.406	18.8785	10346.816	6.9835	1915.4665579026	312500000	210915.625	353801543	238791.2812	Unknown
846104	00000000000000000000718aa65fe2ba5a7a220766b73c6fe1aa4dad92e12883	2024-06-01 20:35:39	2024-06-01 19:56:34	1466392	842277	3993223	536870912	20000000	100000000000000000000000000000	b0bbcc491b3f3739986ba82a22e7db34d71d80a3ce45c0cb7f193af8cf6fb6c2	1267888943	386094576	84381461788831	00000000000000000000000000000000000000007c78600220aeb4c0b46b6266	0318e90c0414865b662f466f756e6472792055534120506f6f6c202364726f70676f6c642f2e00918a4a4e000000000000	6091	6018	7532	14227	177438816363	119758784	177751316363	119969696	32154268	21701.8809	21932.557	14.8032	8054.735	5.4366	5561.5901838975	312500000	210915.625	344654268	232617.5	Foundry USA Pool
846105	0000000000000000000010b98a646f8bafa8dd6d4f14db9051dbd74ea28d5229	2024-06-01 20:51:47	2024-06-01 20:01:37	1487018	835570	3993728	611868672	24786000	100100011110000110000000000000	fe8cec786e92178358a4109bee42461293508da7a33540076e0619eecd0d50c3	1740028792	386094576	84381461788831	00000000000000000000000000000000000000007c78acc1047bd12d2729c97c	0319e90c1b4d696e656420627920416e74506f6f6c393635230002036d4641d2fabe6d6dee77ce45853bee10b38a34ac45158b70da0951fccf6c741821f05bc0fcc7b40f10000000000000000000bc352000000000e95c01	3982	3834	7383	11539	511504957263	345230048	511817457263	345440960	33239333	22434.2227	22360.186	15.0914	8326.637	5.6201	162246.80314381	312500000	210915.625	345739333	233349.8438	AntPool
846106	000000000000000000021fba938b35444c6e30c4f41bbdca918060fef4d682f6	2024-06-01 20:52:43	2024-06-01 20:05:54	1633568	786621	3993431	650313728	26c30000	100110110000110000000000000000	6f7406a50f9836b8eac7b6e7691cbde9e164292518549d08f2ed5989fdb2af4e	2009823282	386094576	84381461788831	00000000000000000000000000000000000000007c78f97fe848ed9999e83092	031ae90c1b4d696e656420627920416e74506f6f6c383733fe0001026d9c8b71fabe6d6de4a18eb3fe1e6c3e129c51d4f52eb13b7daeb493563ef7450db11acb3771a3f5100000000000000000001821ca09000000000000	3235	3090	8946	8378	58077778596	39198436	58390278596	39409352	20821198	14052.8516	12749.563	8.6054	5216.213	3.5204	35419.296208978	312500000	210915.625	333321198	224968.4688	AntPool
846107	00000000000000000002d83155f2353c5d37a26f52a524fdb912ba4b722ecbe8	2024-06-01 21:04:50	2024-06-01 20:16:31	1464465	842858	3993039	570966016	22084000	100010000010000100000000000000	c21da12ff77780a1c8582e3baf0530c0beffb030cb48ce31da885ce729724a8c	1196036379	386094576	84381461788831	00000000000000000000000000000000000000007c79463ecc160a060ca697a8	031be90c04f28c5b662f466f756e6472792055534120506f6f6c202364726f70676f6c642f311b77675307010000000000	3706	3567	7547	10777	256756084482	173292384	257068584482	173503296	26067941	17594.0352	17804.451	12.0165	6530.3936	4.4073	16179.915668604	312500000	210915.625	338567941	228509.6562	Foundry USA Pool
846108	000000000000000000012265505d2934508e571ba647649e4d967691649d0ef1	2024-06-01 21:08:22	2024-06-01 20:31:41	1594151	799704	3993263	668712960	27dbc000	100111110110111100000000000000	5f8b573c7454c997ca1a47afcc396a94deba879887722a7f629701fa74b7f5f9	1760547647	386094576	84381461788831	00000000000000000000000000000000000000007c7992fdafe326727f64febe	031ce90c04da8d5b66537069646572506f6f6c2f36393639363936393639363639363936393639362f73000dbe09c14e0000000000	4368	4277	8581	10002	30548843042	20618330	30861343042	20829246	20380381	13755.3301	12787.361	8.6303	5105.394	3.4455	6803.1795675851	312500000	210915.625	332880381	224670.9531	SpiderPool
846109	0000000000000000000041ce6d0684e821891a340fdb312e9b692605fd6cea05	2024-06-01 21:34:28	2024-06-01 20:35:39	1531782	820556	3993450	537370624	2007a000	100000000001111010000000000000	7e8c7474a866e010757d930d4894cd9c6c4bfbed98a85f246e6dd023b88c0ed1	2115887187	386094576	84381461788831	00000000000000000000000000000000000000007c79dfbc93b042def22365d4	031de90c194d696e656420627920416e74506f6f6c20930171047c8a4bb8fabe6d6df8c1a2938cfa5fcd51df8b2e5592420a092f496ad60c14494fa70dfb3e966f6f100000000000000011b70000ae3e020000000000	3737	3517	7180	12912	688167581578	464464960	688480081578	464675872	37079468	25026.0449	24214.262	16.3428	9289.239	6.2694	14004.159901312	312500000	210915.625	349579468	235941.6719	AntPool
846110	0000000000000000000164c767b9c5e86c3c496bfad9931c4dd4ebcd4294e745	2024-06-01 21:53:26	2024-06-01 20:51:47	1463632	843197	3993223	536870912	20000000	100000000000000000000000000000	73c0c7264fbbcd67f08b3310ff9659d260f575b1cd37cde8af02cc4c4e35a56e	2294713743	386094576	84381461788831	00000000000000000000000000000000000000007c7a2c7b777d5f4b64e1ccea	031ee90c046a985b66537069646572506f6f6c2f313131302f805dd9dc980566668ecb150000000000	5673	5606	7098	14860	429502749657	289884288	429815249657	290095200	43171353	29137.6406	29503.059	19.9125	10814.633	7.2994	4149.9695383995	312500000	210915.625	355671353	240053.2656	SpiderPool
846111	000000000000000000026b58fba686ffcae680c04f87d06b4a805e3e741d07a8	2024-06-01 21:56:13	2024-06-01 20:52:43	1466477	842123	3992846	759947264	2d4be000	101101010010111110000000000000	6466d0424a279efe22567ad6d5da6531dfbe61b290d77433b4147f43f5fe660d	2189634091	386094576	84381461788831	00000000000000000000000000000000000000007c7a793a5b4a7bb7d7a03400	031fe90c01201309090920090920091027e400002a1936000000	6583	6512	7641	14239	80438814833	54290568	80751314833	54501484	29510863	19917.7676	20127.42	13.5843	7392.771	4.9898	3069.7230527245	312500000	210915.625	342010863	230833.3906	Unknown
846112	00000000000000000000e37d72c7d3a98e9bae83bde008901a06058cd91352d6	2024-06-01 21:56:50	2024-06-01 21:04:50	473	437	1784	777469952	2e574000	101110010101110100000000000000	2ea49a953be24857d7f00e3c16155096f18b35d62746b22bc397087f81428f58	3204432186	386094576	84381461788831	00000000000000000000000000000000000000007c7ac5f93f1798244a5e9b16	0320e90c194d696e656420627920416e74506f6f6c2093012201848a0fb8fabe6d6dfcdb8fc2640fd5bce9ded5a90f8b5a3e58b4488330bb76816f91c550ed6c3ca210000000000000000000820d1900000000000000	1	1	1	5	0	0	312500000	210915.625	0	0	0	0	0	0	0	312500000	210915.625	312500000	210915.625	AntPool
846113	0000000000000000000206d15f2a51719279c97fba6358d677653872b3e43326	2024-06-01 22:06:31	2024-06-01 21:08:22	1464660	842933	3993459	536870912	20000000	100000000000000000000000000000	3e10b1eb4962b45fab87a0ffa7a2405a8742fc94fe44b1800fd6258bdd43a37b	155996241	386094576	84381461788831	00000000000000000000000000000000000000007c7b12b822e4b490bd1d022c	0321e90c182f5669614254432f4d696e6564206279206969696932352f2cfabe6d6d25b2023229c8a70b56ff9cd3d1252525b76b95f36302910f9d0a0b82f24c1a8a100000000000000010db125f02322563df01b13c98f819000000000000	5822	5748	7431	14264	149640904032	100997136	149953404032	101208048	41077900	27724.707	28053.654	18.9345	10290.119	6.945	6288.346605808	312500000	210915.625	353577900	238640.3281	ViaBTC
846114	000000000000000000012215f65e1739e301e9e82a8ae522dcfc80452c522be8	2024-06-01 22:18:04	2024-06-01 21:34:28	1497581	831868	3993185	536895488	20006000	100000000000000110000000000000	218d369358c3c3db0e3be7f4b9d2da00777b9e05c76dae8e1474942c4beb438f	1730454321	386094576	84381461788831	00000000000000000000000000000000000000007c7b5f7706b1d0fd2fdb6942	0322e90c041c9e5b662f466f756e6472792055534120506f6f6c202364726f70676f6c642f1f01890ce8317c0000000000	4945	4876	7490	13497	210207404375	141875280	210519904375	142086192	40969591	27651.6055	27363.39	18.4681	10263.096	6.9268	7199.623940916	312500000	210915.625	353469591	238567.2344	Foundry USA Pool
846115	00000000000000000002bbe037fb2f6b4b02bfa1c41a7c73dabcec15b7db1c41	2024-06-01 22:39:53	2024-06-01 21:53:26	1482542	836897	3993233	536870912	20000000	100000000000000000000000000000	5c322c3eab7954b61c8b3fd4dbdec57dfcb7ad04ea56236cf98500b01c58b197	367006234	386094576	84381461788831	00000000000000000000000000000000000000007c7bac35ea7eed69a299d058	0323e90c082f5669614254432f2cfabe6d6d7a05d75096e93f2d2399e227b4d128353e9e1259230c69ba97e832893c656ecc100000000000000010df91e3055cf53b890eab1719e640470000000000	4745	4630	7052	14127	418053606062	282156928	418366106062	282367840	37043886	25002.0293	24993.176	16.8685	9279.965	6.2634	58591.664775516	312500000	210915.625	349543886	235917.6562	ViaBTC
846116	0000000000000000000315a0e6b4b12777fe8c303d9eeaa89518a76779160ceb	2024-06-01 22:41:59	2024-06-01 21:56:13	1449989	847881	3993632	536887296	20004000	100000000000000100000000000000	90744d2101d90050680144bb69815e23672c6db6c5ae2d848d26b4330c7f4452	757078670	386094576	84381461788831	00000000000000000000000000000000000000007c7bf8f4ce4c09d61558376e	0324e90c0e627463636f6d6c00f60094afc8d1fabe6d6dd0a0a08ed3ca5e2a4110a72afd9e57ea67cf4d6360b1810597076f6568b03b131000000000000000ea510000cd68180000000000	4562	4392	7388	12035	69800660402	47110560	70113160402	47321476	23650475	15962.415	16316.018	11.0122	5924.6396	3.999	5094.871311023	312500000	210915.625	336150475	226878.0469	Unknown
846117	000000000000000000023e155aa2a2337499e4e45233bc8ae412ff44fe6d94ea	2024-06-01 22:59:01	2024-06-01 21:56:50	1596559	799004	3993571	541065216	20400000	100000010000000000000000000000	cef0fd6eb43134a7c84dbde5b3b3acedf422ab6b16739a91720d0e8515dedc96	2533254288	386094576	84381461788831	00000000000000000000000000000000000000007c7c45b3b219264288169e84	0325e90c194d696e656420627920416e74506f6f6c20930095029ac6ff58fabe6d6dcf40f7d1e95bdb5ad4e1ab142dec7d4618fe8153657a96ca44e9917e29cead5a10000000000000006e7c0000f5f5010000000000	4476	4310	7453	12726	669474142780	451848192	669786642780	452059104	29799985	20112.9043	18670.688	12.6016	7465.3394	5.0384	1659389.047037	312500000	210915.625	342299985	231028.5312	AntPool
846118	000000000000000000018c0312420519eeab021cd6d4a53244e7dbccee6be492	2024-06-01 23:08:41	2024-06-01 22:06:31	1608017	795252	3993773	844570624	32572000	110010010101110010000000000000	b9653e207c72b4bfe368bd305f22ddf84d9092ba95a309522e25a7b802496792	933188828	386094576	84381461788831	00000000000000000000000000000000000000007c7c927295e642aefad5059a	0326e90c194d696e656420627920416e74506f6f6c20b90063019e3c65f5fabe6d6df6899b0756a830794718d7a35712403f1b005b34b909e7f269f14a78b8b1ec4e1000000000000000000109626701000000000000	3067	2937	8414	9144	150464965493	101553320	150777465493	101764232	23243800	15687.9375	14459.218	9.7588	5822.623	3.9301	13994.355722214	312500000	210915.625	335743800	226603.5625	AntPool
846119	000000000000000000034d7928cf4fdf70aace2295dc6bb7f2989fd1b9b49482	2024-06-01 23:27:23	2024-06-01 22:18:04	1531672	820551	3993325	671080448	27ffe000	100111111111111110000000000000	6ebc5b145bd650041f1fea26ae113cbcbe134babb2fb10ed50fc5722547dd8c3	2195729887	386094576	84381461788831	00000000000000000000000000000000000000007c7cdf3179b35f1b6d936cb0	0327e90c1a2f5669614254432f4d696e6564206279206d736572676569312f2cfabe6d6dcf12aa5a7d9a935f4535ae0b56d1464239dd661eb7a08b98c8c97240f54265fe100000000000000010659252048bf4308c79f6c0d338cf600000000000	3191	3047	7613	10723	345593830195	233251648	345906330195	233462560	26640290	17980.3301	17397.49	11.7418	6673.6987	4.5045	40161.982065004	312500000	210915.625	339140290	228895.9531	ViaBTC
846120	0000000000000000000123545bb4c21bcbd9a4ad7f3a40e0549d50c5618e988f	2024-06-01 23:43:02	2024-06-01 22:39:53	1472824	840288	3993688	783958016	2eba4000	101110101110100100000000000000	2e2408b24a2229db4c472160d30dcef61c9121d74534fd89c576e6df90293ae3	3152939641	386094576	84381461788831	00000000000000000000000000000000000000007c7d2bf05d807b87e051d3c6	0328e90c1b4d696e656420627920416e74506f6f6c393730b9002800aa84b2f0fabe6d6d15565e5dba4fcda8e6247326474224081c4dece365f3fb53b1aed3321883e4bb100000000000000000000c257e20020000000000	4199	4081	7256	12022	195870607576	132198952	196183107576	132409864	25220264	17021.9121	17129.293	11.5609	6317.8784	4.2642	20797.154554548	312500000	210915.625	337720264	227937.5312	AntPool
846121	00000000000000000001253f4ff9e6f3f673d60e72594c42d2eaf95fb2268edb	2024-06-01 23:46:12	2024-06-01 22:41:59	1531891	820615	3993736	537157632	20046000	100000000001000110000000000000	54f5d4631b571c4d5de1efd7f1719ecf7183a4ef9e868fc0b92d327c4234d0bf	2529265363	386094576	84381461788831	00000000000000000000000000000000000000007c7d78af414d97f453103adc	0329e90c194d696e656420627920416e74506f6f6c20d9000e02aba7aafafabe6d6d2c06fcbb18e4daa0e008c6d6eb63bad844d44a326a03d4431c4da72232f7d4d1100000000000000000004e49635d000000000000	5308	5255	7047	13800	92644089195	62528276	92956589195	62739192	19583368	13217.4023	12787.752	8.631	4905.722	3.3112	1683.6145020597	312500000	210915.625	332083368	224133.0312	AntPool
846122	00000000000000000001447e92a9795cc61fff929631d43443782c1b7855aaa0	2024-06-01 23:48:07	2024-06-01 22:59:01	1579434	804692	3993510	537468928	20092000	100000000010010010000000000000	193fd553222e1b99a13b06993e61f72c2a0b0ef71d2f211f65443c608bb6babb	1202512437	386094576	84381461788831	00000000000000000000000000000000000000007c7dc56e251ab460c5cea1f2	032ae90c1b4d696e656420627920416e74506f6f6c3832396c00f500ac56da20fabe6d6dcf5ca6cde9838656fe1269671a862ca3d9e909b94bbefad0ce7c99e44e47ff69100000000000000000003bc93331000000000000	5934	5886	7966	12641	25136046652	16965072	25448546652	17175988	17059079	11513.6846	10804.018	7.2919	4273.627	2.8847	1947.6818029423	312500000	210915.625	329559079	222429.3125	AntPool